mtbf_days,mtbf_std,mtbf_trend,mttr_min,days_since_last_bd,bd_freq_30d,avg_avail_7d,avg_avail_30d,avg_tonnage_7d,delay_min_7d,delay_min_30d,delay_diversity,machine_id,breakdown_streak,delay_acceleration,availability_trend,tonnage_efficiency,time_since_maintenance,breakdown_severity_avg,rul_days,risk_class
8.67,15.01,-26.0,71.25,1.0,4,39.93,40.89,231.95,865.0,1135.0,10,0,4,1.016,0.521,1.088,1.0,71.25,1.0,IMMINENT
8.67,15.01,-26.0,71.25,1.0,4,39.93,40.89,231.95,865.0,1135.0,10,0,4,1.016,0.521,0.974,1.0,71.25,1.0,IMMINENT
8.67,15.01,-26.0,71.25,1.0,4,39.93,40.89,231.95,865.0,1135.0,10,0,4,1.016,0.521,0.967,1.0,71.25,1.0,IMMINENT
4.5,10.54,-26.0,47.86,1.0,7,42.53,42.71,238.9,1655.0,1925.0,10,0,7,1.003,1.756,0.753,1.0,47.86,1.0,IMMINENT
4.5,10.54,-26.0,47.86,1.0,7,42.53,42.71,238.9,1655.0,1925.0,10,0,7,1.003,1.756,0.771,1.0,47.86,1.0,IMMINENT
4.5,10.54,-26.0,47.86,1.0,7,42.53,42.71,238.9,1655.0,1925.0,10,0,7,1.003,1.756,0.725,1.0,47.86,1.0,IMMINENT
3.11,8.59,-26.0,61.5,1.0,10,39.93,40.31,220.35,2595.0,2865.0,10,0,10,1.006,-0.33,0.469,1.0,61.5,1.0,IMMINENT
3.11,8.59,-26.0,61.5,1.0,10,39.93,40.31,220.35,2595.0,2865.0,10,0,10,1.006,-0.33,1.018,1.0,61.5,1.0,IMMINENT
3.11,8.59,-26.0,61.5,1.0,10,39.93,40.31,220.35,2595.0,2865.0,10,0,10,1.006,-0.33,0.846,1.0,61.5,1.0,IMMINENT
2.42,7.44,-26.0,80.77,1.0,13,38.54,38.94,209.21,3540.0,3810.0,10,0,13,1.007,-0.539,0.762,1.0,80.77,1.0,IMMINENT
2.42,7.44,-26.0,80.77,1.0,13,38.54,38.94,209.21,3540.0,3810.0,10,0,13,1.007,-0.539,0.982,1.0,80.77,1.0,IMMINENT
2.14,6.88,-26.0,90.0,1.0,14,37.65,37.65,206.04,4190.0,4190.0,10,0,15,1.0,-0.673,1.075,1.0,91.43,1.0,IMMINENT
2.14,6.88,-26.0,90.0,1.0,14,37.65,37.65,206.04,4190.0,4190.0,10,0,15,1.0,-0.673,1.279,1.0,91.43,1.0,IMMINENT
2.14,6.88,-26.0,90.0,1.0,14,37.65,37.65,206.04,4190.0,4190.0,10,0,15,1.0,-0.673,1.154,1.0,91.43,1.0,IMMINENT
1.82,6.25,-26.0,80.83,1.0,17,39.15,39.15,213.18,4965.0,4965.0,10,0,18,1.0,-0.003,1.101,1.0,81.47,1.0,IMMINENT
1.82,6.25,-26.0,80.83,1.0,17,39.15,39.15,213.18,4965.0,4965.0,10,0,18,1.0,-0.003,1.345,1.0,81.47,1.0,IMMINENT
1.82,6.25,-26.0,80.83,1.0,17,39.15,39.15,213.18,4965.0,4965.0,10,0,18,1.0,-0.003,1.287,1.0,81.47,1.0,IMMINENT
1.6,5.76,-26.0,74.52,1.0,20,40.78,40.78,221.66,5685.0,5685.0,10,0,21,1.0,0.475,0.785,1.0,74.75,1.0,IMMINENT
1.6,5.76,-26.0,74.52,1.0,20,40.78,40.78,221.66,5685.0,5685.0,10,0,21,1.0,0.475,1.107,1.0,74.75,1.0,IMMINENT
1.6,5.76,-26.0,74.52,1.0,20,40.78,40.78,221.66,5685.0,5685.0,10,0,21,1.0,0.475,1.207,1.0,74.75,1.0,IMMINENT
1.43,5.38,-26.0,73.75,1.0,23,41.3,41.12,221.63,5635.0,6500.0,10,0,24,0.997,0.557,1.293,1.0,73.91,1.0,IMMINENT
1.43,5.38,-26.0,73.75,1.0,23,41.3,41.12,221.63,5635.0,6500.0,10,0,24,0.997,0.557,1.282,1.0,73.91,1.0,IMMINENT
1.43,5.38,-26.0,73.75,1.0,23,41.3,41.12,221.63,5635.0,6500.0,10,0,24,0.997,0.557,1.351,1.0,73.91,1.0,IMMINENT
1.31,5.06,-26.0,68.52,1.0,26,42.34,42.39,228.98,5535.0,7190.0,10,0,27,1.001,1.129,1.286,1.0,68.46,1.0,IMMINENT
1.31,5.06,-26.0,68.52,1.0,26,42.34,42.39,228.98,5535.0,7190.0,10,0,27,1.001,1.129,1.278,1.0,68.46,1.0,IMMINENT
1.31,5.06,-26.0,68.52,1.0,26,42.34,42.39,228.98,5535.0,7190.0,10,0,27,1.001,1.129,1.213,1.0,68.46,1.0,IMMINENT
1.21,4.79,-26.0,63.5,1.0,29,45.0,43.43,245.49,5280.0,7875.0,10,0,30,0.972,1.087,0.805,1.0,63.28,1.0,IMMINENT
1.21,4.79,-26.0,63.5,1.0,29,45.0,43.43,245.49,5280.0,7875.0,10,0,30,0.972,1.087,1.117,1.0,63.28,1.0,IMMINENT
1.21,4.79,-26.0,63.5,1.0,29,45.0,43.43,245.49,5280.0,7875.0,10,0,30,0.972,1.087,1.026,1.0,63.28,1.0,IMMINENT
1.12,4.56,-26.0,59.55,1.0,32,46.3,43.39,254.36,5155.0,8695.0,10,0,33,0.949,0.438,0.597,1.0,59.22,1.0,IMMINENT
1.12,4.56,-26.0,59.55,1.0,32,46.3,43.39,254.36,5155.0,8695.0,10,0,33,0.949,0.438,1.087,1.0,59.22,1.0,IMMINENT
1.12,4.56,-26.0,59.55,1.0,32,46.3,43.39,254.36,5155.0,8695.0,10,0,33,0.949,0.438,0.798,1.0,59.22,1.0,IMMINENT
1.06,4.37,-26.0,65.14,1.0,35,45.63,42.44,252.64,5480.0,9670.0,11,0,36,0.945,-0.484,0.576,1.0,65.0,1.0,IMMINENT
1.06,4.37,-26.0,65.14,1.0,35,45.63,42.44,252.64,5480.0,9670.0,11,0,36,0.945,-0.484,0.791,1.0,65.0,1.0,IMMINENT
1.06,4.37,-26.0,65.14,1.0,35,45.63,42.44,252.64,5480.0,9670.0,11,0,36,0.945,-0.484,0.864,1.0,65.0,1.0,IMMINENT
0.0,0.0,0.0,20.0,1.0,2,50.0,50.0,387.08,480.0,480.0,7,1,2,1.0,8.333,0.977,1.0,20.0,564.0,SAFE
0.0,0.0,0.0,20.0,1.0,2,50.0,50.0,387.08,480.0,480.0,7,1,2,1.0,8.333,0.801,1.0,20.0,564.0,SAFE
0.33,0.58,0.0,30.0,564.0,0,100.0,100.0,0.0,0.0,0.0,0,1,4,0.0,0.0,0.995,564.0,0.0,1.0,IMMINENT
141.25,281.83,564.0,28.0,1.0,1,45.83,45.83,363.69,260.0,260.0,7,1,5,1.0,0.0,0.792,1.0,20.0,3.0,SOON
113.2,252.01,1.0,50.0,3.0,2,35.42,35.42,326.51,620.0,620.0,7,1,6,1.0,-20.833,1.086,3.0,90.0,1.0,IMMINENT
113.2,252.01,1.0,50.0,3.0,2,35.42,35.42,326.51,620.0,620.0,7,1,6,1.0,-20.833,0.809,3.0,90.0,1.0,IMMINENT
113.2,252.01,1.0,50.0,3.0,2,35.42,35.42,326.51,620.0,620.0,7,1,6,1.0,-20.833,1.181,3.0,90.0,1.0,IMMINENT
81.29,212.86,0.0,43.12,1.0,4,39.58,39.58,347.5,1450.0,1450.0,7,1,2,1.0,1.875,0.838,1.0,56.25,1.0,IMMINENT
81.29,212.86,0.0,43.12,1.0,4,39.58,39.58,347.5,1450.0,1450.0,7,1,2,1.0,1.875,0.602,1.0,56.25,1.0,IMMINENT
81.29,212.86,0.0,43.12,1.0,4,39.58,39.58,347.5,1450.0,1450.0,7,1,2,1.0,1.875,0.948,1.0,56.25,1.0,IMMINENT
57.0,178.14,0.0,70.45,1.0,7,36.2,36.2,323.3,2450.0,2450.0,7,1,5,1.0,-1.017,1.167,1.0,93.57,1.0,IMMINENT
57.0,178.14,0.0,70.45,1.0,7,36.2,36.2,323.3,2450.0,2450.0,7,1,5,1.0,-1.017,1.198,1.0,93.57,1.0,IMMINENT
57.0,178.14,0.0,70.45,1.0,7,36.2,36.2,323.3,2450.0,2450.0,7,1,5,1.0,-1.017,1.09,1.0,93.57,1.0,IMMINENT
43.92,156.27,0.0,61.07,1.0,10,38.83,38.83,341.12,3230.0,3230.0,7,1,8,1.0,0.53,1.129,1.0,73.5,1.0,IMMINENT
43.92,156.27,0.0,61.07,1.0,10,38.83,38.83,341.12,3230.0,3230.0,7,1,8,1.0,0.53,1.184,1.0,73.5,1.0,IMMINENT
43.92,156.27,0.0,61.07,1.0,10,38.83,38.83,341.12,3230.0,3230.0,7,1,8,1.0,0.53,0.977,1.0,73.5,1.0,IMMINENT
35.75,140.87,0.0,60.0,1.0,13,39.5,39.96,348.64,3775.0,4035.0,7,1,9,1.008,0.927,1.084,1.0,69.23,1.0,IMMINENT
35.75,140.87,0.0,60.0,1.0,13,39.5,39.96,348.64,3775.0,4035.0,7,1,9,1.008,0.927,0.021,1.0,69.23,1.0,IMMINENT
35.75,140.87,0.0,60.0,1.0,13,39.5,39.96,348.64,3775.0,4035.0,7,1,9,1.008,0.927,1.257,1.0,69.23,1.0,IMMINENT
30.16,129.28,0.0,77.0,1.0,16,38.82,38.42,338.51,4405.0,5025.0,7,1,12,0.993,-0.298,1.197,1.0,88.75,1.0,IMMINENT
30.16,129.28,0.0,77.0,1.0,16,38.82,38.42,338.51,4405.0,5025.0,7,1,12,0.993,-0.298,1.444,1.0,88.75,1.0,IMMINENT
30.16,129.28,0.0,77.0,1.0,16,38.82,38.42,338.51,4405.0,5025.0,7,1,12,0.993,-0.298,1.633,1.0,88.75,1.0,IMMINENT
26.09,120.15,0.0,69.35,1.0,19,40.91,40.36,363.42,5105.0,5725.0,7,1,15,0.991,0.44,1.011,1.0,77.63,1.0,IMMINENT
26.09,120.15,0.0,69.35,1.0,19,40.91,40.36,363.42,5105.0,5725.0,7,1,15,0.991,0.44,1.719,1.0,77.63,1.0,IMMINENT
26.09,120.15,0.0,69.35,1.0,19,40.91,40.36,363.42,5105.0,5725.0,7,1,15,0.991,0.44,0.702,1.0,77.63,1.0,IMMINENT
23.0,112.71,0.0,69.04,1.0,22,39.63,39.27,370.45,6085.0,6705.0,8,1,18,0.994,-0.03,0.721,1.0,76.14,1.0,IMMINENT
23.0,112.71,0.0,69.04,1.0,22,39.63,39.27,370.45,6085.0,6705.0,8,1,18,0.994,-0.03,1.086,1.0,76.14,1.0,IMMINENT
23.0,112.71,0.0,69.04,1.0,22,39.63,39.27,370.45,6085.0,6705.0,8,1,18,0.994,-0.03,0.47,1.0,76.14,1.0,IMMINENT
20.57,106.5,0.0,76.03,1.0,25,37.7,38.06,358.56,6280.0,7730.0,9,1,21,1.006,-0.388,0.186,1.0,83.4,1.0,IMMINENT
20.57,106.5,0.0,76.03,1.0,25,37.7,38.06,358.56,6280.0,7730.0,9,1,21,1.006,-0.388,0.482,1.0,83.4,1.0,IMMINENT
20.57,106.5,0.0,76.03,1.0,25,37.7,38.06,358.56,6280.0,7730.0,9,1,21,1.006,-0.388,0.833,1.0,83.4,1.0,IMMINENT
18.61,101.22,0.0,97.19,1.0,28,35.22,35.49,343.7,6530.0,8980.0,9,1,24,1.004,-1.53,1.039,1.0,106.79,1.0,IMMINENT
18.61,101.22,0.0,97.19,1.0,28,35.22,35.49,343.7,6530.0,8980.0,9,1,24,1.004,-1.53,1.022,1.0,106.79,1.0,IMMINENT
18.61,101.22,0.0,97.19,1.0,28,35.22,35.49,343.7,6530.0,8980.0,9,1,24,1.004,-1.53,1.15,1.0,106.79,1.0,IMMINENT
17.0,96.65,0.0,90.57,1.0,31,34.13,35.74,340.37,6640.0,9870.0,10,1,27,1.025,-0.859,0.995,1.0,98.39,1.0,IMMINENT
17.0,96.65,0.0,90.57,1.0,31,34.13,35.74,340.37,6640.0,9870.0,10,1,27,1.025,-0.859,0.522,1.0,98.39,1.0,IMMINENT
17.0,96.65,0.0,90.57,1.0,31,34.13,35.74,340.37,6640.0,9870.0,10,1,27,1.025,-0.859,1.013,1.0,98.39,1.0,IMMINENT
15.65,92.65,0.0,87.63,1.0,34,32.09,35.24,327.28,6845.0,10880.0,11,1,30,1.049,-0.517,0.964,1.0,94.41,1.0,IMMINENT
15.65,92.65,0.0,87.63,1.0,34,32.09,35.24,327.28,6845.0,10880.0,11,1,30,1.049,-0.517,0.571,1.0,94.41,1.0,IMMINENT
15.65,92.65,0.0,87.63,1.0,34,32.09,35.24,327.28,6845.0,10880.0,11,1,30,1.049,-0.517,1.053,1.0,94.41,1.0,IMMINENT
14.5,89.11,0.0,84.51,1.0,37,31.89,34.81,329.35,6865.0,11890.0,11,1,33,1.045,-0.721,1.096,1.0,90.41,1.0,IMMINENT
14.5,89.11,0.0,84.51,1.0,37,31.89,34.81,329.35,6865.0,11890.0,11,1,33,1.045,-0.721,1.091,1.0,90.41,1.0,IMMINENT
14.5,89.11,0.0,84.51,1.0,37,31.89,34.81,329.35,6865.0,11890.0,11,1,33,1.045,-0.721,0.822,1.0,90.41,1.0,IMMINENT
13.51,85.95,0.0,81.25,1.0,40,29.86,34.98,307.77,7070.0,12795.0,11,1,36,1.079,0.371,1.081,1.0,86.38,1.0,IMMINENT
13.51,85.95,0.0,81.25,1.0,40,29.86,34.98,307.77,7070.0,12795.0,11,1,36,1.079,0.371,0.91,1.0,86.38,1.0,IMMINENT
13.51,85.95,0.0,81.25,1.0,40,29.86,34.98,307.77,7070.0,12795.0,11,1,36,1.079,0.371,0.713,1.0,86.38,1.0,IMMINENT
12.65,83.1,0.0,79.89,1.0,43,29.96,34.82,292.08,7060.0,13765.0,11,1,39,1.075,0.599,1.01,1.0,84.53,1.0,IMMINENT
12.65,83.1,0.0,79.89,1.0,43,29.96,34.82,292.08,7060.0,13765.0,11,1,39,1.075,0.599,2.115,1.0,84.53,1.0,IMMINENT
12.65,83.1,0.0,79.89,1.0,43,29.96,34.82,292.08,7060.0,13765.0,11,1,39,1.075,0.599,1.141,1.0,84.53,1.0,IMMINENT
11.9,80.52,0.0,76.7,1.0,46,32.24,35.46,320.17,6830.0,14560.0,11,1,42,1.05,1.084,1.016,1.0,80.76,1.0,IMMINENT
11.9,80.52,0.0,76.7,1.0,46,32.24,35.46,320.17,6830.0,14560.0,11,1,42,1.05,1.084,1.044,1.0,80.76,1.0,IMMINENT
11.9,80.52,0.0,76.7,1.0,46,32.24,35.46,320.17,6830.0,14560.0,11,1,42,1.05,1.084,0.927,1.0,80.76,1.0,IMMINENT
11.23,78.16,0.0,75.0,1.0,49,34.92,35.25,343.26,6560.0,15540.0,11,1,45,1.005,0.199,1.083,1.0,78.67,1.0,IMMINENT
11.23,78.16,0.0,75.0,1.0,49,34.92,35.25,343.26,6560.0,15540.0,11,1,45,1.005,0.199,0.793,1.0,78.67,1.0,IMMINENT
11.23,78.16,0.0,75.0,1.0,49,34.92,35.25,343.26,6560.0,15540.0,11,1,45,1.005,0.199,1.159,1.0,78.67,1.0,IMMINENT
10.64,76.0,0.0,72.23,1.0,52,33.83,34.98,340.52,6670.0,16540.0,11,1,48,1.018,0.207,0.914,1.0,75.48,1.0,IMMINENT
10.64,76.0,0.0,72.23,1.0,52,33.83,34.98,340.52,6670.0,16540.0,11,1,48,1.018,0.207,0.875,1.0,75.48,1.0,IMMINENT
10.64,76.0,0.0,72.23,1.0,52,33.83,34.98,340.52,6670.0,16540.0,11,1,48,1.018,0.207,0.977,1.0,75.48,1.0,IMMINENT
10.1,74.01,0.0,69.49,1.0,55,34.18,34.84,344.24,6635.0,17515.0,11,1,51,1.01,-0.104,1.002,1.0,72.36,1.0,IMMINENT
10.1,74.01,0.0,69.49,1.0,55,34.18,34.84,344.24,6635.0,17515.0,11,1,51,1.01,-0.104,0.937,1.0,72.36,1.0,IMMINENT
10.1,74.01,0.0,69.49,1.0,55,34.18,34.84,344.24,6635.0,17515.0,11,1,51,1.01,-0.104,1.069,1.0,72.36,1.0,IMMINENT
9.62,72.17,0.0,67.34,1.0,58,34.97,34.87,351.25,6555.0,18445.0,11,1,54,0.998,-0.268,1.07,1.0,69.91,1.0,IMMINENT
9.62,72.17,0.0,67.34,1.0,58,34.97,34.87,351.25,6555.0,18445.0,11,1,54,0.998,-0.268,0.781,1.0,69.91,1.0,IMMINENT
9.62,72.17,0.0,67.34,1.0,58,34.97,34.87,351.25,6555.0,18445.0,11,1,54,0.998,-0.268,1.104,1.0,69.91,1.0,IMMINENT
9.19,70.45,0.0,67.46,1.0,61,34.47,34.81,351.12,6605.0,19400.0,11,1,57,1.005,-0.184,0.559,1.0,69.92,1.0,IMMINENT
9.19,70.45,0.0,67.46,1.0,61,34.47,34.81,351.12,6605.0,19400.0,11,1,57,1.005,-0.184,0.0,1.0,69.92,1.0,IMMINENT
9.19,70.45,0.0,67.46,1.0,61,34.47,34.81,351.12,6605.0,19400.0,11,1,57,1.005,-0.184,0.981,1.0,69.92,1.0,IMMINENT
8.79,68.86,0.0,76.69,1.0,64,31.4,33.72,332.85,6915.0,20680.0,11,1,60,1.035,-1.059,1.199,1.0,79.61,1.0,IMMINENT
8.79,68.86,0.0,76.69,1.0,64,31.4,33.72,332.85,6915.0,20680.0,11,1,60,1.035,-1.059,1.106,1.0,79.61,1.0,IMMINENT
8.79,68.86,0.0,76.69,1.0,64,31.4,33.72,332.85,6915.0,20680.0,11,1,60,1.035,-1.059,1.057,1.0,79.61,1.0,IMMINENT
8.43,67.37,0.0,74.51,1.0,67,30.51,33.93,318.43,7005.0,21565.0,11,1,63,1.052,-0.206,1.104,1.0,77.16,1.0,IMMINENT
8.43,67.37,0.0,74.51,1.0,67,30.51,33.93,318.43,7005.0,21565.0,11,1,63,1.052,-0.206,2.286,1.0,77.16,1.0,IMMINENT
8.43,67.37,0.0,74.51,1.0,67,30.51,33.93,318.43,7005.0,21565.0,11,1,63,1.052,-0.206,1.133,1.0,77.16,1.0,IMMINENT
8.1,65.97,0.0,72.09,1.0,70,31.45,34.13,341.98,6910.0,22450.0,11,1,66,1.041,0.11,0.667,1.0,74.5,1.0,IMMINENT
8.1,65.97,0.0,72.09,1.0,70,31.45,34.13,341.98,6910.0,22450.0,11,1,66,1.041,0.11,1.064,1.0,74.5,1.0,IMMINENT
8.1,65.97,0.0,72.09,1.0,70,31.45,34.13,341.98,6910.0,22450.0,11,1,66,1.041,0.11,0.0,1.0,74.5,1.0,IMMINENT
7.79,64.65,0.0,73.64,1.0,73,31.85,34.09,320.74,6870.0,23410.0,11,1,69,1.034,0.161,1.062,1.0,76.03,1.0,IMMINENT
7.79,64.65,0.0,73.64,1.0,73,31.85,34.09,320.74,6870.0,23410.0,11,1,69,1.034,0.161,1.091,1.0,76.03,1.0,IMMINENT
7.79,64.65,0.0,73.64,1.0,73,31.85,34.09,320.74,6870.0,23410.0,11,1,69,1.034,0.161,0.0,1.0,76.03,1.0,IMMINENT
7.51,63.42,0.0,72.0,1.0,76,33.33,34.43,310.15,6720.0,24235.0,11,1,72,1.017,0.595,0.862,1.0,74.21,1.0,IMMINENT
7.51,63.42,0.0,72.0,1.0,76,33.33,34.43,310.15,6720.0,24235.0,11,1,72,1.017,0.595,0.99,1.0,74.21,1.0,IMMINENT
7.33,62.63,0.0,73.54,1.0,78,32.24,34.2,305.21,6505.0,24950.0,11,1,74,1.03,0.62,0.857,1.0,75.77,1.0,IMMINENT
7.33,62.63,0.0,73.54,1.0,78,32.24,34.2,305.21,6505.0,24950.0,11,1,74,1.03,0.62,0.96,1.0,75.77,1.0,IMMINENT
7.33,62.63,0.0,73.54,1.0,78,32.24,34.2,305.21,6505.0,24950.0,11,1,74,1.03,0.62,0.901,1.0,75.77,1.0,IMMINENT
7.08,61.5,0.0,76.41,1.0,80,30.0,33.49,300.0,6720.0,25860.0,11,1,77,1.052,0.144,0.479,1.0,79.44,1.0,IMMINENT
7.08,61.5,0.0,76.41,1.0,80,30.0,33.49,300.0,6720.0,25860.0,11,1,77,1.052,0.144,0.989,1.0,79.44,1.0,IMMINENT
6.93,60.78,0.0,78.22,1.0,81,33.0,33.51,313.75,6110.0,26170.0,11,1,79,1.008,-0.906,0.844,1.0,80.31,1.0,IMMINENT
6.93,60.78,0.0,78.22,1.0,81,33.0,33.51,313.75,6110.0,26170.0,11,1,79,1.008,-0.906,0.957,1.0,80.31,1.0,IMMINENT
6.78,60.08,0.0,77.02,1.0,83,33.39,33.78,301.84,5755.0,26700.0,11,1,81,1.006,-0.293,0.782,1.0,78.98,1.0,IMMINENT
6.78,60.08,0.0,77.02,1.0,83,33.39,33.78,301.84,5755.0,26700.0,11,1,81,1.006,-0.293,0.827,1.0,78.98,1.0,IMMINENT
6.78,60.08,0.0,77.02,1.0,83,33.39,33.78,301.84,5755.0,26700.0,11,1,81,1.006,-0.293,0.809,1.0,78.98,1.0,IMMINENT
6.57,59.09,0.0,77.45,1.0,86,32.64,33.79,261.71,5820.0,27650.0,11,1,84,1.017,0.125,1.099,1.0,79.36,1.0,IMMINENT
6.57,59.09,0.0,77.45,1.0,86,32.64,33.79,261.71,5820.0,27650.0,11,1,84,1.017,0.125,1.056,1.0,79.36,1.0,IMMINENT
6.57,59.09,0.0,77.45,1.0,86,32.64,33.79,261.71,5820.0,27650.0,11,1,84,1.017,0.125,0.94,1.0,79.36,1.0,IMMINENT
6.37,58.14,0.0,76.58,1.0,87,33.8,33.72,284.95,5720.0,27680.0,11,1,87,0.999,0.4,0.425,1.0,79.66,1.0,IMMINENT
6.32,57.83,1.0,79.38,1.0,85,30.34,33.49,283.97,5350.0,27135.0,11,1,88,1.047,0.781,0.227,1.0,80.53,1.0,IMMINENT
6.32,57.83,1.0,79.38,1.0,85,30.34,33.49,283.97,5350.0,27135.0,11,1,88,1.047,0.781,1.047,1.0,80.53,1.0,IMMINENT
6.32,57.83,1.0,79.38,1.0,85,30.34,33.49,283.97,5350.0,27135.0,11,1,88,1.047,0.781,0.86,1.0,80.53,1.0,IMMINENT
6.13,56.94,0.0,81.92,1.0,85,30.27,32.82,271.78,5690.0,27410.0,11,1,91,1.038,0.291,0.409,1.0,85.35,1.0,IMMINENT
6.13,56.94,0.0,81.92,1.0,85,30.27,32.82,271.78,5690.0,27410.0,11,1,91,1.038,0.291,1.175,1.0,85.35,1.0,IMMINENT
6.13,56.94,0.0,81.92,1.0,85,30.27,32.82,271.78,5690.0,27410.0,11,1,91,1.038,0.291,1.225,1.0,85.35,1.0,IMMINENT
6.02,56.36,0.0,80.69,1.0,84,33.58,32.59,271.85,5420.0,27505.0,11,1,2,0.985,-0.112,1.099,1.0,84.88,1.0,IMMINENT
6.02,56.36,0.0,80.69,1.0,84,33.58,32.59,271.85,5420.0,27505.0,11,1,2,0.985,-0.112,1.013,1.0,84.88,1.0,IMMINENT
6.02,56.36,0.0,80.69,1.0,84,33.58,32.59,271.85,5420.0,27505.0,11,1,2,0.985,-0.112,1.057,1.0,84.88,1.0,IMMINENT
5.85,55.54,0.0,80.43,1.0,84,33.33,32.54,286.32,5760.0,27525.0,11,1,5,0.988,-0.46,1.061,1.0,81.25,1.0,IMMINENT
5.85,55.54,0.0,80.43,1.0,84,33.33,32.54,286.32,5760.0,27525.0,11,1,5,0.988,-0.46,0.939,1.0,81.25,1.0,IMMINENT
5.85,55.54,0.0,80.43,1.0,84,33.33,32.54,286.32,5760.0,27525.0,11,1,5,0.988,-0.46,0.699,1.0,81.25,1.0,IMMINENT
5.7,54.75,0.0,80.7,1.0,84,31.58,31.78,285.77,6240.0,27835.0,12,1,8,1.003,-0.239,1.053,1.0,83.81,1.0,IMMINENT
5.7,54.75,0.0,80.7,1.0,84,31.58,31.78,285.77,6240.0,27835.0,12,1,8,1.003,-0.239,1.033,1.0,83.81,1.0,IMMINENT
5.7,54.75,0.0,80.7,1.0,84,31.58,31.78,285.77,6240.0,27835.0,12,1,8,1.003,-0.239,1.039,1.0,83.81,1.0,IMMINENT
5.55,53.99,0.0,81.09,1.0,84,30.76,31.67,296.77,6315.0,27880.0,11,1,11,1.013,-0.194,0.732,1.0,84.82,1.0,IMMINENT
5.55,53.99,0.0,81.09,1.0,84,30.76,31.67,296.77,6315.0,27880.0,11,1,11,1.013,-0.194,1.038,1.0,84.82,1.0,IMMINENT
5.46,53.5,0.0,82.14,1.0,83,27.84,31.46,288.71,6235.0,27635.0,11,1,11,1.053,0.139,1.19,1.0,84.28,1.0,IMMINENT
5.46,53.5,0.0,82.14,1.0,83,27.84,31.46,288.71,6235.0,27635.0,11,1,11,1.053,0.139,1.096,1.0,84.28,1.0,IMMINENT
5.46,53.5,0.0,82.14,1.0,83,27.84,31.46,288.71,6235.0,27635.0,11,1,11,1.053,0.139,1.224,1.0,84.28,1.0,IMMINENT
5.32,52.79,0.0,80.78,1.0,83,30.21,32.28,309.2,6700.0,27305.0,11,1,16,1.031,0.058,1.306,1.0,74.46,1.0,IMMINENT
5.32,52.79,0.0,80.78,1.0,83,30.21,32.28,309.2,6700.0,27305.0,11,1,16,1.031,0.058,1.255,1.0,74.46,1.0,IMMINENT
5.32,52.79,0.0,80.78,1.0,83,30.21,32.28,309.2,6700.0,27305.0,11,1,16,1.031,0.058,1.14,1.0,74.46,1.0,IMMINENT
5.2,52.11,0.0,80.3,1.0,83,31.46,32.17,334.16,6580.0,27350.0,10,1,19,1.01,-0.034,0.0,1.0,75.96,1.0,IMMINENT
5.2,52.11,0.0,80.3,1.0,83,31.46,32.17,334.16,6580.0,27350.0,10,1,19,1.01,-0.034,0.935,1.0,75.96,1.0,IMMINENT
5.2,52.11,0.0,80.3,1.0,83,31.46,32.17,334.16,6580.0,27350.0,10,1,19,1.01,-0.034,0.882,1.0,75.96,1.0,IMMINENT
5.08,51.45,0.0,85.41,1.0,83,27.81,31.57,318.37,6930.0,27590.0,10,1,22,1.055,-0.415,0.755,1.0,84.4,1.0,IMMINENT
5.08,51.45,0.0,85.41,1.0,83,27.81,31.57,318.37,6930.0,27590.0,10,1,22,1.055,-0.415,0.962,1.0,84.4,1.0,IMMINENT
5.08,51.45,0.0,85.41,1.0,83,27.81,31.57,318.37,6930.0,27590.0,10,1,22,1.055,-0.415,1.224,1.0,84.4,1.0,IMMINENT
4.96,50.82,0.0,86.49,1.0,83,27.34,31.46,314.65,6975.0,27635.0,10,1,25,1.06,-0.281,1.142,1.0,87.47,1.0,IMMINENT
4.96,50.82,0.0,86.49,1.0,83,27.34,31.46,314.65,6975.0,27635.0,10,1,25,1.06,-0.281,1.034,1.0,87.47,1.0,IMMINENT
4.96,50.82,0.0,86.49,1.0,83,27.34,31.46,314.65,6975.0,27635.0,10,1,25,1.06,-0.281,1.189,1.0,87.47,1.0,IMMINENT
4.85,50.21,0.0,85.08,1.0,83,28.85,31.56,325.17,6830.0,27595.0,10,1,28,1.04,0.384,1.072,1.0,87.11,1.0,IMMINENT
4.85,50.21,0.0,85.08,1.0,83,28.85,31.56,325.17,6830.0,27595.0,10,1,28,1.04,0.384,1.109,1.0,87.11,1.0,IMMINENT
4.85,50.21,0.0,85.08,1.0,83,28.85,31.56,325.17,6830.0,27595.0,10,1,28,1.04,0.384,0.968,1.0,87.11,1.0,IMMINENT
4.74,49.63,0.0,83.88,1.0,83,29.95,31.68,325.68,6725.0,27545.0,10,1,30,1.025,0.502,1.056,1.0,86.14,1.0,IMMINENT
4.74,49.63,0.0,83.88,1.0,83,29.95,31.68,325.68,6725.0,27545.0,10,1,30,1.025,0.502,0.998,1.0,86.14,1.0,IMMINENT
4.74,49.63,0.0,83.88,1.0,83,29.95,31.68,325.68,6725.0,27545.0,10,1,30,1.025,0.502,1.074,1.0,86.14,1.0,IMMINENT
4.64,49.06,0.0,82.63,1.0,83,31.94,31.39,331.04,6860.0,27665.0,10,1,33,0.992,0.294,0.874,1.0,86.2,1.0,IMMINENT
4.64,49.06,0.0,82.63,1.0,83,31.94,31.39,331.04,6860.0,27665.0,10,1,33,0.992,0.294,0.944,1.0,86.2,1.0,IMMINENT
4.64,49.06,0.0,82.63,1.0,83,31.94,31.39,331.04,6860.0,27665.0,10,1,33,0.992,0.294,1.112,1.0,86.2,1.0,IMMINENT
4.55,48.51,0.0,82.24,1.0,83,31.25,31.36,322.4,6930.0,27675.0,11,1,37,1.002,0.538,0.305,1.0,86.87,1.0,IMMINENT
4.55,48.51,0.0,82.24,1.0,83,31.25,31.36,322.4,6930.0,27675.0,11,1,37,1.002,0.538,1.019,1.0,86.87,1.0,IMMINENT
4.55,48.51,0.0,82.24,1.0,83,31.25,31.36,322.4,6930.0,27675.0,11,1,37,1.002,0.538,0.734,1.0,86.87,1.0,IMMINENT
4.46,47.98,0.0,84.5,1.0,83,29.32,31.04,297.2,7125.0,27805.0,11,1,40,1.025,0.472,0.861,1.0,92.77,1.0,IMMINENT
4.46,47.98,0.0,84.5,1.0,83,29.32,31.04,297.2,7125.0,27805.0,11,1,40,1.025,0.472,0.244,1.0,92.77,1.0,IMMINENT
4.46,47.98,0.0,84.5,1.0,83,29.32,31.04,297.2,7125.0,27805.0,11,1,40,1.025,0.472,1.39,1.0,92.77,1.0,IMMINENT
4.37,47.47,0.0,87.22,1.0,83,29.61,30.43,307.19,7145.0,28100.0,11,1,41,1.017,-0.775,0.622,1.0,99.82,1.0,IMMINENT
4.37,47.47,0.0,87.22,1.0,83,29.61,30.43,307.19,7145.0,28100.0,11,1,41,1.017,-0.775,0.941,1.0,99.82,1.0,IMMINENT
4.37,47.47,0.0,87.22,1.0,83,29.61,30.43,307.19,7145.0,28100.0,11,1,41,1.017,-0.775,1.033,1.0,99.82,1.0,IMMINENT
4.28,46.97,0.0,89.1,1.0,83,29.12,30.0,301.65,7195.0,28275.0,11,1,45,1.018,-1.196,0.0,1.0,105.36,1.0,IMMINENT
4.28,46.97,0.0,89.1,1.0,83,29.12,30.0,301.65,7195.0,28275.0,11,1,45,1.018,-1.196,1.208,1.0,105.36,1.0,IMMINENT
4.28,46.97,0.0,89.1,1.0,83,29.12,30.0,301.65,7195.0,28275.0,11,1,45,1.018,-1.196,1.086,1.0,105.36,1.0,IMMINENT
4.2,46.49,0.0,89.49,1.0,83,28.03,29.95,284.99,7305.0,28295.0,11,1,49,1.033,-0.601,0.0,1.0,106.75,1.0,IMMINENT
4.2,46.49,0.0,89.49,1.0,83,28.03,29.95,284.99,7305.0,28295.0,11,1,49,1.033,-0.601,1.037,1.0,106.75,1.0,IMMINENT
4.2,46.49,0.0,89.49,1.0,83,28.03,29.95,284.99,7305.0,28295.0,11,1,49,1.033,-0.601,1.063,1.0,106.75,1.0,IMMINENT
4.13,46.02,0.0,88.84,1.0,83,27.93,30.82,268.39,7315.0,27945.0,11,1,52,1.047,0.061,0.86,1.0,98.8,1.0,IMMINENT
4.13,46.02,0.0,88.84,1.0,83,27.93,30.82,268.39,7315.0,27945.0,11,1,52,1.047,0.061,0.659,1.0,98.8,1.0,IMMINENT
4.13,46.02,0.0,88.84,1.0,83,27.93,30.82,268.39,7315.0,27945.0,11,1,52,1.047,0.061,0.0,1.0,98.8,1.0,IMMINENT
4.05,45.57,0.0,88.73,1.0,83,28.08,30.78,243.19,7300.0,27960.0,11,1,55,1.044,0.805,0.941,1.0,100.9,1.0,IMMINENT
4.05,45.57,0.0,88.73,1.0,83,28.08,30.78,243.19,7300.0,27960.0,11,1,55,1.044,0.805,1.052,1.0,100.9,1.0,IMMINENT
4.05,45.57,0.0,88.73,1.0,83,28.08,30.78,243.19,7300.0,27960.0,11,1,55,1.044,0.805,0.0,1.0,100.9,1.0,IMMINENT
3.98,45.13,0.0,88.63,1.0,83,28.27,30.57,227.78,7280.0,28045.0,11,1,56,1.038,1.097,1.056,1.0,103.37,1.0,IMMINENT
3.98,45.13,0.0,88.63,1.0,83,28.27,30.57,227.78,7280.0,28045.0,11,1,56,1.038,1.097,0.779,1.0,103.37,1.0,IMMINENT
3.98,45.13,0.0,88.63,1.0,83,28.27,30.57,227.78,7280.0,28045.0,11,1,56,1.038,1.097,1.18,1.0,103.37,1.0,IMMINENT
3.91,44.7,0.0,89.47,1.0,83,29.02,30.33,240.68,7205.0,28140.0,11,1,59,1.024,0.754,0.701,1.0,104.16,1.0,IMMINENT
3.91,44.7,0.0,89.47,1.0,83,29.02,30.33,240.68,7205.0,28140.0,11,1,59,1.024,0.754,0.982,1.0,104.16,1.0,IMMINENT
3.91,44.7,0.0,89.47,1.0,83,29.02,30.33,240.68,7205.0,28140.0,11,1,59,1.024,0.754,0.0,1.0,104.16,1.0,IMMINENT
3.85,44.29,0.0,89.63,1.0,83,32.14,30.13,227.47,6840.0,28220.0,12,1,63,0.97,0.369,1.2,1.0,106.63,1.0,IMMINENT
3.85,44.29,0.0,89.63,1.0,83,32.14,30.13,227.47,6840.0,28220.0,12,1,63,0.97,0.369,1.217,1.0,106.63,1.0,IMMINENT
3.85,44.29,0.0,89.63,1.0,83,32.14,30.13,227.47,6840.0,28220.0,12,1,63,0.97,0.369,1.028,1.0,106.63,1.0,IMMINENT
3.78,43.88,0.0,88.83,1.0,84,34.87,30.67,238.47,6565.0,28335.0,12,1,67,0.938,0.319,1.011,1.0,103.75,1.0,IMMINENT
3.78,43.88,0.0,88.83,1.0,84,34.87,30.67,238.47,6565.0,28335.0,12,1,67,0.938,0.319,1.053,1.0,103.75,1.0,IMMINENT
3.78,43.88,0.0,88.83,1.0,84,34.87,30.67,238.47,6565.0,28335.0,12,1,67,0.938,0.319,0.0,1.0,103.75,1.0,IMMINENT
3.72,43.49,0.0,90.86,1.0,84,33.98,30.93,234.01,6655.0,28230.0,12,1,70,0.954,-0.203,0.75,1.0,105.48,1.0,IMMINENT
3.72,43.49,0.0,90.86,1.0,84,33.98,30.93,234.01,6655.0,28230.0,12,1,70,0.954,-0.203,1.126,1.0,105.48,1.0,IMMINENT
3.72,43.49,0.0,90.86,1.0,84,33.98,30.93,234.01,6655.0,28230.0,12,1,70,0.954,-0.203,1.096,1.0,105.48,1.0,IMMINENT
3.66,43.11,0.0,90.76,1.0,85,34.03,31.12,245.72,6650.0,28485.0,12,1,71,0.956,-0.112,1.084,1.0,103.59,1.0,IMMINENT
3.66,43.11,0.0,90.76,1.0,85,34.03,31.12,245.72,6650.0,28485.0,12,1,71,0.956,-0.112,1.21,1.0,103.59,1.0,IMMINENT
3.66,43.11,0.0,90.76,1.0,85,34.03,31.12,245.72,6650.0,28485.0,12,1,71,0.956,-0.112,1.181,1.0,103.59,1.0,IMMINENT
3.62,42.86,0.0,90.14,1.0,85,34.33,31.09,273.66,6620.0,28825.0,12,1,1,0.951,0.337,1.071,1.0,103.88,1.0,IMMINENT
3.62,42.86,0.0,90.14,1.0,85,34.33,31.09,273.66,6620.0,28825.0,12,1,1,0.951,0.337,1.189,1.0,103.88,1.0,IMMINENT
3.62,42.86,0.0,90.14,1.0,85,34.33,31.09,273.66,6620.0,28825.0,12,1,1,0.951,0.337,1.186,1.0,103.88,1.0,IMMINENT
3.59,42.61,0.0,89.29,1.0,84,35.42,31.31,294.49,6510.0,28735.0,12,1,1,0.939,0.561,1.044,1.0,102.26,1.0,IMMINENT
3.59,42.61,0.0,89.29,1.0,84,35.42,31.31,294.49,6510.0,28735.0,12,1,1,0.939,0.561,1.1,1.0,102.26,1.0,IMMINENT
3.59,42.61,0.0,89.29,1.0,84,35.42,31.31,294.49,6510.0,28735.0,12,1,1,0.939,0.561,0.781,1.0,102.26,1.0,IMMINENT
3.53,42.25,0.0,89.39,1.0,84,36.16,31.02,292.93,6435.0,28855.0,12,1,4,0.924,-0.116,0.246,1.0,103.87,1.0,IMMINENT
3.53,42.25,0.0,89.39,1.0,84,36.16,31.02,292.93,6435.0,28855.0,12,1,4,0.924,-0.116,0.77,1.0,103.87,1.0,IMMINENT
3.53,42.25,0.0,89.39,1.0,84,36.16,31.02,292.93,6435.0,28855.0,12,1,4,0.924,-0.116,0.981,1.0,103.87,1.0,IMMINENT
3.48,41.9,0.0,89.92,1.0,86,33.93,30.99,297.37,6660.0,29530.0,13,1,7,0.956,-0.588,1.091,1.0,101.69,1.0,IMMINENT
3.48,41.9,0.0,89.92,1.0,86,33.93,30.99,297.37,6660.0,29530.0,13,1,7,0.956,-0.588,1.091,1.0,101.69,1.0,IMMINENT
3.48,41.9,0.0,89.92,1.0,86,33.93,30.99,297.37,6660.0,29530.0,13,1,7,0.956,-0.588,1.177,1.0,101.69,1.0,IMMINENT
3.43,41.55,0.0,89.0,1.0,86,32.64,31.21,295.92,6790.0,29435.0,13,1,10,0.978,-0.18,0.987,1.0,97.15,1.0,IMMINENT
3.43,41.55,0.0,89.0,1.0,86,32.64,31.21,295.92,6790.0,29435.0,13,1,10,0.978,-0.18,0.869,1.0,97.15,1.0,IMMINENT
3.43,41.55,0.0,89.0,1.0,86,32.64,31.21,295.92,6790.0,29435.0,13,1,10,0.978,-0.18,1.083,1.0,97.15,1.0,IMMINENT
3.38,41.22,0.0,88.56,1.0,87,32.94,30.9,308.58,6760.0,29570.0,13,1,13,0.969,-0.524,1.103,1.0,97.7,1.0,IMMINENT
3.38,41.22,0.0,88.56,1.0,87,32.94,30.9,308.58,6760.0,29570.0,13,1,13,0.969,-0.524,1.0,1.0,97.7,1.0,IMMINENT
3.38,41.22,0.0,88.56,1.0,87,32.94,30.9,308.58,6760.0,29570.0,13,1,13,0.969,-0.524,1.187,1.0,97.7,1.0,IMMINENT
3.33,40.89,0.0,88.01,1.0,87,32.69,31.04,313.27,6785.0,29510.0,13,1,16,0.974,-0.411,1.052,1.0,97.07,1.0,IMMINENT
3.33,40.89,0.0,88.01,1.0,87,32.69,31.04,313.27,6785.0,29510.0,13,1,16,0.974,-0.411,1.081,1.0,97.07,1.0,IMMINENT
3.33,40.89,0.0,88.01,1.0,87,32.69,31.04,313.27,6785.0,29510.0,13,1,16,0.974,-0.411,1.027,1.0,97.07,1.0,IMMINENT
3.28,40.57,0.0,87.71,1.0,87,31.65,31.12,308.79,6890.0,29475.0,13,1,19,0.991,-0.146,0.993,1.0,96.32,1.0,IMMINENT
3.28,40.57,0.0,87.71,1.0,87,31.65,31.12,308.79,6890.0,29475.0,13,1,19,0.991,-0.146,1.004,1.0,96.32,1.0,IMMINENT
3.28,40.57,0.0,87.71,1.0,87,31.65,31.12,308.79,6890.0,29475.0,13,1,19,0.991,-0.146,1.098,1.0,96.32,1.0,IMMINENT
3.24,40.26,0.0,87.46,1.0,87,30.16,31.16,303.68,7040.0,29460.0,13,1,21,1.013,0.208,0.435,1.0,95.52,1.0,IMMINENT
3.24,40.26,0.0,87.46,1.0,87,30.16,31.16,303.68,7040.0,29460.0,13,1,21,1.013,0.208,0.0,1.0,95.52,1.0,IMMINENT
3.24,40.26,0.0,87.46,1.0,87,30.16,31.16,303.68,7040.0,29460.0,13,1,21,1.013,0.208,0.561,1.0,95.52,1.0,IMMINENT
3.2,39.96,0.0,91.58,1.0,88,27.23,30.78,275.37,7335.0,29955.0,12,1,25,1.049,-0.379,1.197,1.0,103.58,1.0,IMMINENT
3.2,39.96,0.0,91.58,1.0,88,27.23,30.78,275.37,7335.0,29955.0,12,1,25,1.049,-0.379,0.858,1.0,103.58,1.0,IMMINENT
3.2,39.96,0.0,91.58,1.0,88,27.23,30.78,275.37,7335.0,29955.0,12,1,25,1.049,-0.379,1.154,1.0,103.58,1.0,IMMINENT
3.15,39.66,0.0,91.55,1.0,88,27.73,30.41,292.62,7285.0,30115.0,12,1,28,1.037,-0.71,1.229,1.0,105.62,1.0,IMMINENT
3.15,39.66,0.0,91.55,1.0,88,27.73,30.41,292.62,7285.0,30115.0,12,1,28,1.037,-0.71,1.235,1.0,105.62,1.0,IMMINENT
3.15,39.66,0.0,91.55,1.0,88,27.73,30.41,292.62,7285.0,30115.0,12,1,28,1.037,-0.71,1.185,1.0,105.62,1.0,IMMINENT
3.11,39.37,0.0,90.46,1.0,88,29.07,30.66,296.6,7150.0,30005.0,12,1,31,1.021,0.02,1.111,1.0,104.09,1.0,IMMINENT
3.11,39.37,0.0,90.46,1.0,88,29.07,30.66,296.6,7150.0,30005.0,12,1,31,1.021,0.02,1.166,1.0,104.09,1.0,IMMINENT
3.11,39.37,0.0,90.46,1.0,88,29.07,30.66,296.6,7150.0,30005.0,12,1,31,1.021,0.02,1.142,1.0,104.09,1.0,IMMINENT
3.07,39.08,0.0,89.5,1.0,88,30.46,31.48,303.44,7010.0,29650.0,12,1,34,1.013,0.353,1.216,1.0,95.11,1.0,IMMINENT
3.07,39.08,0.0,89.5,1.0,88,30.46,31.48,303.44,7010.0,29650.0,12,1,34,1.013,0.353,1.176,1.0,95.11,1.0,IMMINENT
3.07,39.08,0.0,89.5,1.0,88,30.46,31.48,303.44,7010.0,29650.0,12,1,34,1.013,0.353,1.191,1.0,95.11,1.0,IMMINENT
3.03,38.81,0.0,88.61,1.0,88,31.6,31.99,307.65,6895.0,29430.0,12,1,37,1.004,0.894,1.276,1.0,91.59,1.0,IMMINENT
3.03,38.81,0.0,88.61,1.0,88,31.6,31.99,307.65,6895.0,29430.0,12,1,37,1.004,0.894,0.795,1.0,91.59,1.0,IMMINENT
3.03,38.81,0.0,88.61,1.0,88,31.6,31.99,307.65,6895.0,29430.0,12,1,37,1.004,0.894,1.154,1.0,91.59,1.0,IMMINENT
3.0,38.53,0.0,88.95,1.0,88,31.35,31.68,308.62,6920.0,29565.0,12,1,40,1.003,0.844,1.21,1.0,94.55,1.0,IMMINENT
3.0,38.53,0.0,88.95,1.0,88,31.35,31.68,308.62,6920.0,29565.0,12,1,40,1.003,0.844,1.269,1.0,94.55,1.0,IMMINENT
3.0,38.53,0.0,88.95,1.0,88,31.35,31.68,308.62,6920.0,29565.0,12,1,40,1.003,0.844,1.268,1.0,94.55,1.0,IMMINENT
2.96,38.27,0.0,88.26,1.0,88,32.94,31.84,318.18,6760.0,29495.0,12,1,42,0.982,1.112,1.081,1.0,94.72,1.0,IMMINENT
2.96,38.27,0.0,88.26,1.0,88,32.94,31.84,318.18,6760.0,29495.0,12,1,42,0.982,1.112,1.009,1.0,94.72,1.0,IMMINENT
2.96,38.27,0.0,88.26,1.0,88,32.94,31.84,318.18,6760.0,29495.0,12,1,42,0.982,1.112,1.035,1.0,94.72,1.0,IMMINENT
2.92,38.0,0.0,87.96,1.0,88,36.16,31.76,349.5,6435.0,29530.0,12,1,46,0.934,0.184,0.964,1.0,96.02,1.0,IMMINENT
2.92,38.0,0.0,87.96,1.0,88,36.16,31.76,349.5,6435.0,29530.0,12,1,46,0.934,0.184,0.769,1.0,96.02,1.0,IMMINENT
2.92,38.0,0.0,87.96,1.0,88,36.16,31.76,349.5,6435.0,29530.0,12,1,46,0.934,0.184,0.978,1.0,96.02,1.0,IMMINENT
2.89,37.75,0.0,88.71,1.0,88,36.11,31.54,342.84,6440.0,29625.0,11,1,49,0.932,-0.687,1.164,1.0,98.69,1.0,IMMINENT
2.89,37.75,0.0,88.71,1.0,88,36.11,31.54,342.84,6440.0,29625.0,11,1,49,0.932,-0.687,1.07,1.0,98.69,1.0,IMMINENT
2.89,37.75,0.0,88.71,1.0,88,36.11,31.54,342.84,6440.0,29625.0,11,1,49,0.932,-0.687,0.922,1.0,98.69,1.0,IMMINENT
2.85,37.5,0.0,88.81,1.0,88,34.18,31.79,336.22,6635.0,29515.0,12,1,52,0.963,-0.698,1.009,1.0,95.62,1.0,IMMINENT
2.85,37.5,0.0,88.81,1.0,88,34.18,31.79,336.22,6635.0,29515.0,12,1,52,0.963,-0.698,0.689,1.0,95.62,1.0,IMMINENT
2.85,37.5,0.0,88.81,1.0,88,34.18,31.79,336.22,6635.0,29515.0,12,1,52,0.963,-0.698,0.979,1.0,95.62,1.0,IMMINENT
2.82,37.25,0.0,89.59,1.0,88,32.44,32.14,325.78,6810.0,29315.0,12,1,56,0.996,-0.806,1.186,1.0,93.41,1.0,IMMINENT
2.82,37.25,0.0,89.59,1.0,88,32.44,32.14,325.78,6810.0,29315.0,12,1,56,0.996,-0.806,1.075,1.0,93.41,1.0,IMMINENT
2.8,37.09,0.0,89.2,1.0,87,29.74,32.16,322.03,6900.0,29135.0,12,1,57,1.054,-0.817,1.06,1.0,89.37,1.0,IMMINENT
2.8,37.09,0.0,89.2,1.0,87,29.74,32.16,322.03,6900.0,29135.0,12,1,57,1.054,-0.817,1.007,1.0,89.37,1.0,IMMINENT
2.8,37.09,0.0,89.2,1.0,87,29.74,32.16,322.03,6900.0,29135.0,12,1,57,1.054,-0.817,1.157,1.0,89.37,1.0,IMMINENT
2.77,36.85,0.0,88.4,1.0,87,30.16,32.2,322.21,6860.0,29120.0,12,1,60,1.048,-0.54,0.855,1.0,86.55,1.0,IMMINENT
2.77,36.85,0.0,88.4,1.0,87,30.16,32.2,322.21,6860.0,29120.0,12,1,60,1.048,-0.54,0.977,1.0,86.55,1.0,IMMINENT
2.77,36.85,0.0,88.4,1.0,87,30.16,32.2,322.21,6860.0,29120.0,12,1,60,1.048,-0.54,1.042,1.0,86.55,1.0,IMMINENT
2.74,36.62,0.0,88.74,1.0,87,27.5,31.79,308.96,7115.0,29295.0,13,1,63,1.081,-0.315,0.982,1.0,88.56,1.0,IMMINENT
2.74,36.62,0.0,88.74,1.0,87,27.5,31.79,308.96,7115.0,29295.0,13,1,63,1.081,-0.315,1.048,1.0,88.56,1.0,IMMINENT
2.74,36.62,0.0,88.74,1.0,87,27.5,31.79,308.96,7115.0,29295.0,13,1,63,1.081,-0.315,1.027,1.0,88.56,1.0,IMMINENT
2.71,36.39,0.0,88.3,1.0,87,26.98,31.55,307.93,7165.0,29395.0,13,1,66,1.085,0.262,0.782,1.0,87.53,1.0,IMMINENT
2.71,36.39,0.0,88.3,1.0,87,26.98,31.55,307.93,7165.0,29395.0,13,1,66,1.085,0.262,1.023,1.0,87.53,1.0,IMMINENT
2.71,36.39,0.0,88.3,1.0,87,26.98,31.55,307.93,7165.0,29395.0,13,1,66,1.085,0.262,0.934,1.0,87.53,1.0,IMMINENT
2.68,36.16,0.0,88.59,1.0,87,27.1,31.31,308.33,7153.0,29498.0,13,1,69,1.079,0.004,0.709,1.0,88.51,1.0,IMMINENT
2.68,36.16,0.0,88.59,1.0,87,27.1,31.31,308.33,7153.0,29498.0,13,1,69,1.079,0.004,0.0,1.0,88.51,1.0,IMMINENT
2.68,36.16,0.0,88.59,1.0,87,27.1,31.31,308.33,7153.0,29498.0,13,1,69,1.079,0.004,1.136,1.0,88.51,1.0,IMMINENT
2.65,35.94,0.0,88.87,1.0,87,26.06,31.16,288.11,7253.0,29563.0,13,1,72,1.092,-0.025,1.059,1.0,87.76,1.0,IMMINENT
2.65,35.94,0.0,88.87,1.0,87,26.06,31.16,288.11,7253.0,29563.0,13,1,72,1.092,-0.025,0.0,1.0,87.76,1.0,IMMINENT
2.65,35.94,0.0,88.87,1.0,87,26.06,31.16,288.11,7253.0,29563.0,13,1,72,1.092,-0.025,1.225,1.0,87.76,1.0,IMMINENT
2.62,35.72,0.0,88.8,1.0,87,26.79,30.94,281.86,7183.0,29658.0,13,1,76,1.078,0.063,0.747,1.0,87.24,1.0,IMMINENT
2.62,35.72,0.0,88.8,1.0,87,26.79,30.94,281.86,7183.0,29658.0,13,1,76,1.078,0.063,1.03,1.0,87.24,1.0,IMMINENT
2.62,35.72,0.0,88.8,1.0,87,26.79,30.94,281.86,7183.0,29658.0,13,1,76,1.078,0.063,1.02,1.0,87.24,1.0,IMMINENT
2.6,35.51,0.0,88.81,1.0,87,27.45,30.41,276.02,7313.0,29883.0,13,1,77,1.037,-0.08,0.961,1.0,88.79,1.0,IMMINENT
2.6,35.51,0.0,88.81,1.0,87,27.45,30.41,276.02,7313.0,29883.0,13,1,77,1.037,-0.08,0.788,1.0,88.79,1.0,IMMINENT
2.6,35.51,0.0,88.81,1.0,87,27.45,30.41,276.02,7313.0,29883.0,13,1,77,1.037,-0.08,0.597,1.0,88.79,1.0,IMMINENT
2.57,35.3,0.0,88.38,1.0,87,27.2,30.6,262.83,7338.0,29803.0,13,1,81,1.043,0.284,0.907,1.0,83.56,1.0,IMMINENT
2.57,35.3,0.0,88.38,1.0,87,27.2,30.6,262.83,7338.0,29803.0,13,1,81,1.043,0.284,1.049,1.0,83.56,1.0,IMMINENT
2.57,35.3,0.0,88.38,1.0,87,27.2,30.6,262.83,7338.0,29803.0,13,1,81,1.043,0.284,1.131,1.0,83.56,1.0,IMMINENT
2.54,35.09,0.0,87.92,1.0,87,28.54,30.49,265.43,7203.0,29848.0,13,1,84,1.023,0.319,1.106,1.0,82.3,1.0,IMMINENT
2.54,35.09,0.0,87.92,1.0,87,28.54,30.49,265.43,7203.0,29848.0,13,1,84,1.023,0.319,0.9,1.0,82.3,1.0,IMMINENT
2.54,35.09,0.0,87.92,1.0,87,28.54,30.49,265.43,7203.0,29848.0,13,1,84,1.023,0.319,1.119,1.0,82.3,1.0,IMMINENT
2.52,34.89,0.0,87.82,1.0,88,28.94,30.28,265.91,7163.0,29938.0,13,1,87,1.014,0.546,1.063,1.0,83.24,1.0,IMMINENT
2.52,34.89,0.0,87.82,1.0,88,28.94,30.28,265.91,7163.0,29938.0,13,1,87,1.014,0.546,1.118,1.0,83.24,1.0,IMMINENT
2.52,34.89,0.0,87.82,1.0,88,28.94,30.28,265.91,7163.0,29938.0,13,1,87,1.014,0.546,1.0,1.0,83.24,1.0,IMMINENT
2.49,34.69,0.0,87.34,1.0,89,30.75,30.21,271.9,6980.0,29968.0,13,1,90,0.987,0.797,1.128,1.0,83.48,1.0,IMMINENT
2.49,34.69,0.0,87.34,1.0,89,30.75,30.21,271.9,6980.0,29968.0,13,1,90,0.987,0.797,1.005,1.0,83.48,1.0,IMMINENT
2.49,34.69,0.0,87.34,1.0,89,30.75,30.21,271.9,6980.0,29968.0,13,1,90,0.987,0.797,1.115,1.0,83.48,1.0,IMMINENT
2.47,34.5,0.0,86.98,1.0,89,31.55,30.07,292.07,7190.0,30318.0,13,1,93,1.005,0.114,0.516,1.0,82.13,1.0,IMMINENT
2.47,34.5,0.0,86.98,1.0,89,31.55,30.07,292.07,7190.0,30318.0,13,1,93,1.005,0.114,0.929,1.0,82.13,1.0,IMMINENT
2.45,34.37,0.0,87.26,1.0,88,30.26,30.07,293.71,6985.0,29983.0,12,1,95,1.025,-0.331,0.324,1.0,81.76,1.0,IMMINENT
2.45,34.37,0.0,87.26,1.0,88,30.26,30.07,293.71,6985.0,29983.0,12,1,95,1.025,-0.331,1.033,1.0,81.76,1.0,IMMINENT
2.45,34.37,0.0,87.26,1.0,88,30.26,30.07,293.71,6985.0,29983.0,12,1,95,1.025,-0.331,0.587,1.0,81.76,1.0,IMMINENT
2.43,34.18,0.0,88.52,1.0,88,29.53,29.68,280.58,7055.0,30148.0,12,1,97,1.03,-0.817,1.004,1.0,87.5,1.0,IMMINENT
2.43,34.18,0.0,88.52,1.0,88,29.53,29.68,280.58,7055.0,30148.0,12,1,97,1.03,-0.817,0.946,1.0,87.5,1.0,IMMINENT
2.43,34.18,0.0,88.52,1.0,88,29.53,29.68,280.58,7055.0,30148.0,12,1,97,1.03,-0.817,0.994,1.0,87.5,1.0,IMMINENT
2.41,33.99,0.0,88.15,1.0,88,31.15,30.17,289.47,6900.0,29943.0,12,1,100,1.014,0.008,1.061,1.0,87.27,1.0,IMMINENT
2.41,33.99,0.0,88.15,1.0,88,31.15,30.17,289.47,6900.0,29943.0,12,1,100,1.014,0.008,1.118,1.0,87.27,1.0,IMMINENT
2.41,33.99,0.0,88.15,1.0,88,31.15,30.17,289.47,6900.0,29943.0,12,1,100,1.014,0.008,1.054,1.0,87.27,1.0,IMMINENT
2.38,33.81,0.0,87.58,1.0,88,32.97,30.53,291.5,6725.0,29788.0,12,1,104,0.993,0.419,0.974,1.0,86.65,1.0,IMMINENT
2.38,33.81,0.0,87.58,1.0,88,32.97,30.53,291.5,6725.0,29788.0,12,1,104,0.993,0.419,0.919,1.0,86.65,1.0,IMMINENT
2.38,33.81,0.0,87.58,1.0,88,32.97,30.53,291.5,6725.0,29788.0,12,1,104,0.993,0.419,1.25,1.0,86.65,1.0,IMMINENT
2.36,33.63,0.0,87.54,1.0,88,33.59,30.71,291.64,6665.0,29713.0,12,1,107,0.987,0.596,0.563,1.0,87.16,1.0,IMMINENT
2.36,33.63,0.0,87.54,1.0,88,33.59,30.71,291.64,6665.0,29713.0,12,1,107,0.987,0.596,0.082,1.0,87.16,1.0,IMMINENT
2.36,33.63,0.0,87.54,1.0,88,33.59,30.71,291.64,6665.0,29713.0,12,1,107,0.987,0.596,1.033,1.0,87.16,1.0,IMMINENT
2.34,33.45,0.0,89.77,1.0,88,30.1,30.2,268.62,7000.0,29928.0,11,1,110,1.029,0.237,1.103,1.0,94.94,1.0,IMMINENT
2.34,33.45,0.0,89.77,1.0,88,30.1,30.2,268.62,7000.0,29928.0,11,1,110,1.029,0.237,1.169,1.0,94.94,1.0,IMMINENT
2.34,33.45,0.0,89.77,1.0,88,30.1,30.2,268.62,7000.0,29928.0,11,1,110,1.029,0.237,1.091,1.0,94.94,1.0,IMMINENT
2.32,33.27,0.0,89.31,1.0,88,31.56,31.09,269.93,6570.0,29553.0,11,1,113,0.978,0.44,1.196,1.0,84.15,1.0,IMMINENT
2.32,33.27,0.0,89.31,1.0,88,31.56,31.09,269.93,6570.0,29553.0,11,1,113,0.978,0.44,1.224,1.0,84.15,1.0,IMMINENT
2.32,33.27,0.0,89.31,1.0,88,31.56,31.09,269.93,6570.0,29553.0,11,1,113,0.978,0.44,1.0,1.0,84.15,1.0,IMMINENT
2.3,33.1,0.0,88.93,1.0,88,33.63,31.48,285.44,6690.0,29388.0,11,1,115,0.954,0.024,1.256,1.0,82.9,1.0,IMMINENT
2.3,33.1,0.0,88.93,1.0,88,33.63,31.48,285.44,6690.0,29388.0,11,1,115,0.954,0.024,1.026,1.0,82.9,1.0,IMMINENT
2.3,33.1,0.0,88.93,1.0,88,33.63,31.48,285.44,6690.0,29388.0,11,1,115,0.954,0.024,1.168,1.0,82.9,1.0,IMMINENT
2.28,32.93,0.0,88.57,1.0,88,36.06,31.35,307.09,6445.0,29443.0,11,1,119,0.917,-0.386,1.158,1.0,84.15,1.0,IMMINENT
2.28,32.93,0.0,88.57,1.0,88,36.06,31.35,307.09,6445.0,29443.0,11,1,119,0.917,-0.386,0.957,1.0,84.15,1.0,IMMINENT
2.28,32.93,0.0,88.57,1.0,88,36.06,31.35,307.09,6445.0,29443.0,11,1,119,0.917,-0.386,1.024,1.0,84.15,1.0,IMMINENT
2.26,32.76,0.0,88.22,1.0,88,34.47,31.12,309.93,6605.0,29538.0,11,1,122,0.937,-0.198,1.11,1.0,85.17,1.0,IMMINENT
2.26,32.76,0.0,88.22,1.0,88,34.47,31.12,309.93,6605.0,29538.0,11,1,122,0.937,-0.198,0.748,1.0,85.17,1.0,IMMINENT
2.26,32.76,0.0,88.22,1.0,88,34.47,31.12,309.93,6605.0,29538.0,11,1,122,0.937,-0.198,1.176,1.0,85.17,1.0,IMMINENT
2.24,32.6,0.0,88.27,1.0,88,31.85,30.59,307.12,6870.0,29763.0,11,1,125,0.967,0.053,0.735,1.0,87.44,1.0,IMMINENT
2.24,32.6,0.0,88.27,1.0,88,31.85,30.59,307.12,6870.0,29763.0,11,1,125,0.967,0.053,0.857,1.0,87.44,1.0,IMMINENT
2.24,32.6,0.0,88.27,1.0,88,31.85,30.59,307.12,6870.0,29763.0,11,1,125,0.967,0.053,1.083,1.0,87.44,1.0,IMMINENT
2.22,32.44,0.0,88.66,1.0,88,30.01,30.39,300.35,7055.0,29848.0,11,1,127,0.99,0.024,0.844,1.0,87.95,1.0,IMMINENT
2.22,32.44,0.0,88.66,1.0,88,30.01,30.39,300.35,7055.0,29848.0,11,1,127,0.99,0.024,0.833,1.0,87.95,1.0,IMMINENT
2.22,32.44,0.0,88.66,1.0,88,30.01,30.39,300.35,7055.0,29848.0,11,1,127,0.99,0.024,1.02,1.0,87.95,1.0,IMMINENT
2.2,32.28,0.0,88.79,1.0,88,31.25,29.8,315.06,6930.0,30098.0,11,1,132,0.965,-0.9,0.812,1.0,90.11,1.0,IMMINENT
2.2,32.28,0.0,88.79,1.0,88,31.25,29.8,315.06,6930.0,30098.0,11,1,132,0.965,-0.9,0.17,1.0,90.11,1.0,IMMINENT
2.2,32.28,0.0,88.79,1.0,88,31.25,29.8,315.06,6930.0,30098.0,11,1,132,0.965,-0.9,1.123,1.0,90.11,1.0,IMMINENT
2.19,32.12,0.0,89.81,1.0,88,28.77,29.33,296.99,7180.0,30298.0,11,1,134,0.993,-1.02,1.02,1.0,94.43,1.0,IMMINENT
2.19,32.12,0.0,89.81,1.0,88,28.77,29.33,296.99,7180.0,30298.0,11,1,134,0.993,-1.02,1.127,1.0,94.43,1.0,IMMINENT
2.19,32.12,0.0,89.81,1.0,88,28.77,29.33,296.99,7180.0,30298.0,11,1,134,0.993,-1.02,1.125,1.0,94.43,1.0,IMMINENT
2.17,31.97,0.0,89.12,1.0,88,29.27,29.85,294.78,7130.0,30078.0,11,1,137,0.993,-0.299,1.048,1.0,90.17,1.0,IMMINENT
2.17,31.97,0.0,89.12,1.0,88,29.27,29.85,294.78,7130.0,30078.0,11,1,137,0.993,-0.299,1.155,1.0,90.17,1.0,IMMINENT
2.17,31.97,0.0,89.12,1.0,88,29.27,29.85,294.78,7130.0,30078.0,11,1,137,0.993,-0.299,1.081,1.0,90.17,1.0,IMMINENT
2.15,31.81,0.0,88.44,1.0,88,29.41,30.21,292.29,7115.0,29923.0,11,1,140,0.996,0.579,1.018,1.0,87.5,1.0,IMMINENT
2.15,31.81,0.0,88.44,1.0,88,29.41,30.21,292.29,7115.0,29923.0,11,1,140,0.996,0.579,1.03,1.0,87.5,1.0,IMMINENT
2.15,31.81,0.0,88.44,1.0,88,29.41,30.21,292.29,7115.0,29923.0,11,1,140,0.996,0.579,1.031,1.0,87.5,1.0,IMMINENT
2.13,31.66,0.0,87.8,1.0,88,29.91,30.52,291.3,7065.0,29793.0,12,1,143,0.994,0.87,1.121,1.0,83.12,1.0,IMMINENT
2.13,31.66,0.0,87.8,1.0,88,29.91,30.52,291.3,7065.0,29793.0,12,1,143,0.994,0.87,0.959,1.0,83.12,1.0,IMMINENT
2.13,31.66,0.0,87.8,1.0,88,29.91,30.52,291.3,7065.0,29793.0,12,1,143,0.994,0.87,1.014,1.0,83.12,1.0,IMMINENT
2.12,31.51,0.0,87.48,1.0,89,31.25,30.94,292.05,6930.0,29793.0,13,1,146,0.986,0.948,1.001,1.0,82.98,1.0,IMMINENT
2.12,31.51,0.0,87.48,1.0,89,31.25,30.94,292.05,6930.0,29793.0,13,1,146,0.986,0.948,1.09,1.0,82.98,1.0,IMMINENT
2.12,31.51,0.0,87.48,1.0,89,31.25,30.94,292.05,6930.0,29793.0,13,1,146,0.986,0.948,1.132,1.0,82.98,1.0,IMMINENT
2.1,31.37,0.0,86.91,1.0,89,33.33,31.14,299.88,6720.0,29708.0,14,1,149,0.959,0.897,1.009,1.0,82.98,1.0,IMMINENT
2.1,31.37,0.0,86.91,1.0,89,33.33,31.14,299.88,6720.0,29708.0,14,1,149,0.959,0.897,1.144,1.0,82.98,1.0,IMMINENT
2.1,31.37,0.0,86.91,1.0,89,33.33,31.14,299.88,6720.0,29708.0,14,1,149,0.959,0.897,1.163,1.0,82.98,1.0,IMMINENT
2.08,31.22,0.0,86.44,1.0,89,35.71,31.71,308.82,6480.0,29463.0,14,1,152,0.932,0.698,0.856,1.0,80.28,1.0,IMMINENT
2.08,31.22,0.0,86.44,1.0,89,35.71,31.71,308.82,6480.0,29463.0,14,1,152,0.932,0.698,0.036,1.0,80.28,1.0,IMMINENT
2.08,31.22,0.0,86.44,1.0,89,35.71,31.71,308.82,6480.0,29463.0,14,1,152,0.932,0.698,0.72,1.0,80.28,1.0,IMMINENT
2.07,31.08,0.0,86.92,1.0,89,36.56,31.56,301.72,6395.0,29528.0,14,1,154,0.918,-0.391,1.782,1.0,83.2,1.0,IMMINENT
2.07,31.08,0.0,86.92,1.0,89,36.56,31.56,301.72,6395.0,29528.0,14,1,154,0.918,-0.391,1.307,1.0,83.2,1.0,IMMINENT
2.07,31.08,0.0,86.92,1.0,89,36.56,31.56,301.72,6395.0,29528.0,14,1,154,0.918,-0.391,1.272,1.0,83.2,1.0,IMMINENT
2.05,30.94,0.0,86.59,1.0,89,36.56,32.05,317.42,6395.0,29320.0,14,1,158,0.924,-0.145,1.383,1.0,81.12,1.0,IMMINENT
2.05,30.94,0.0,86.59,1.0,89,36.56,32.05,317.42,6395.0,29320.0,14,1,158,0.924,-0.145,1.277,1.0,81.12,1.0,IMMINENT
2.05,30.94,0.0,86.59,1.0,89,36.56,32.05,317.42,6395.0,29320.0,14,1,158,0.924,-0.145,1.045,1.0,81.12,1.0,IMMINENT
2.04,30.8,0.0,86.53,1.0,89,34.97,32.27,323.66,6760.0,29430.0,14,1,161,0.973,-0.349,1.149,1.0,80.06,1.0,IMMINENT
2.04,30.8,0.0,86.53,1.0,89,34.97,32.27,323.66,6760.0,29430.0,14,1,161,0.973,-0.349,0.957,1.0,80.06,1.0,IMMINENT
2.03,30.71,0.0,86.23,1.0,88,35.47,32.49,325.22,6400.0,29010.0,14,1,163,0.971,-0.187,0.691,1.0,78.92,1.0,IMMINENT
2.03,30.71,0.0,86.23,1.0,88,35.47,32.49,325.22,6400.0,29010.0,14,1,163,0.971,-0.187,0.883,1.0,78.92,1.0,IMMINENT
2.02,30.62,0.0,86.94,1.0,87,32.84,32.2,318.14,6570.0,29050.0,14,1,164,1.036,-1.049,0.991,1.0,81.49,1.0,IMMINENT
2.02,30.62,0.0,86.94,1.0,87,32.84,32.2,318.14,6570.0,29050.0,14,1,164,1.036,-1.049,1.037,1.0,81.49,1.0,IMMINENT
2.02,30.62,0.0,86.94,1.0,87,32.84,32.2,318.14,6570.0,29050.0,14,1,164,1.036,-1.049,0.864,1.0,81.49,1.0,IMMINENT
2.0,30.48,0.0,86.81,1.0,87,31.58,32.18,312.95,6685.0,29055.0,14,1,167,1.054,-0.605,1.0,1.0,82.18,1.0,IMMINENT
2.0,30.48,0.0,86.81,1.0,87,31.58,32.18,312.95,6685.0,29055.0,14,1,167,1.054,-0.605,0.669,1.0,82.18,1.0,IMMINENT
2.0,30.48,0.0,86.81,1.0,87,31.58,32.18,312.95,6685.0,29055.0,14,1,167,1.054,-0.605,1.042,1.0,82.18,1.0,IMMINENT
1.99,30.35,0.0,86.52,1.0,87,29.61,32.02,303.34,6865.0,29125.0,13,1,170,1.079,-0.391,0.899,1.0,82.36,1.0,IMMINENT
1.99,30.35,0.0,86.52,1.0,87,29.61,32.02,303.34,6865.0,29125.0,13,1,170,1.079,-0.391,1.106,1.0,82.36,1.0,IMMINENT
1.98,30.26,0.0,86.14,1.0,86,30.5,31.98,326.84,6450.0,28815.0,12,1,174,1.069,-0.562,0.63,1.0,80.99,2.0,SOON
1.98,30.26,0.0,86.14,1.0,86,30.5,31.98,326.84,6450.0,28815.0,12,1,174,1.069,-0.562,0.883,1.0,80.99,2.0,SOON
1.97,30.18,0.0,85.97,2.0,82,27.53,31.64,278.29,5110.0,27350.0,13,1,174,1.094,-0.284,1.105,2.0,82.68,1.0,IMMINENT
1.97,30.13,2.0,85.78,1.0,81,26.76,32.12,276.14,4810.0,26835.0,13,1,175,1.117,1.15,0.889,1.0,80.86,1.0,IMMINENT
1.97,30.13,2.0,85.78,1.0,81,26.76,32.12,276.14,4810.0,26835.0,13,1,175,1.117,1.15,0.952,1.0,80.86,1.0,IMMINENT
1.97,30.13,2.0,85.78,1.0,81,26.76,32.12,276.14,4810.0,26835.0,13,1,175,1.117,1.15,0.634,1.0,80.86,1.0,IMMINENT
1.96,30.0,0.0,86.1,1.0,81,29.32,32.36,275.85,4750.0,26745.0,13,1,179,1.028,-0.046,1.021,1.0,77.96,1.0,IMMINENT
1.96,30.0,0.0,86.1,1.0,81,29.32,32.36,275.85,4750.0,26745.0,13,1,179,1.028,-0.046,0.978,1.0,77.96,1.0,IMMINENT
1.96,30.0,0.0,86.1,1.0,81,29.32,32.36,275.85,4750.0,26745.0,13,1,179,1.028,-0.046,0.83,1.0,77.96,1.0,IMMINENT
1.94,29.88,0.0,85.91,1.0,81,31.18,32.27,274.28,4625.0,26780.0,13,1,181,0.999,0.904,1.085,1.0,78.27,1.0,IMMINENT
1.94,29.88,0.0,85.91,1.0,81,31.18,32.27,274.28,4625.0,26780.0,13,1,181,0.999,0.904,0.781,1.0,78.27,1.0,IMMINENT
1.94,29.79,0.0,85.78,1.0,80,31.81,31.74,275.45,4255.0,26655.0,13,1,184,0.982,0.504,0.62,1.0,79.5,1.0,IMMINENT
1.94,29.79,0.0,85.78,1.0,80,31.81,31.74,275.45,4255.0,26655.0,13,1,184,0.982,0.504,0.953,1.0,79.5,1.0,IMMINENT
1.94,29.79,0.0,85.78,1.0,80,31.81,31.74,275.45,4255.0,26655.0,13,1,184,0.982,0.504,1.177,1.0,79.5,1.0,IMMINENT
1.92,29.67,0.0,85.9,1.0,80,30.88,31.38,271.74,4645.0,26795.0,13,1,187,0.991,0.277,0.913,1.0,80.12,1.0,IMMINENT
1.92,29.67,0.0,85.9,1.0,80,30.88,31.38,271.74,4645.0,26795.0,13,1,187,0.991,0.277,0.826,1.0,80.12,1.0,IMMINENT
1.92,29.67,0.0,85.9,1.0,80,30.88,31.38,271.74,4645.0,26795.0,13,1,187,0.991,0.277,0.922,1.0,80.12,1.0,IMMINENT
1.91,29.55,0.0,85.68,1.0,80,32.71,32.08,276.67,4845.0,26525.0,13,1,190,0.974,-0.212,1.1,1.0,71.12,1.0,IMMINENT
1.91,29.55,0.0,85.68,1.0,80,32.71,32.08,276.67,4845.0,26525.0,13,1,190,0.974,-0.212,1.031,1.0,71.12,1.0,IMMINENT
1.91,29.55,0.0,85.68,1.0,80,32.71,32.08,276.67,4845.0,26525.0,13,1,190,0.974,-0.212,0.925,1.0,71.12,1.0,IMMINENT
1.9,29.43,0.0,85.19,1.0,80,33.45,32.07,281.93,5750.0,26530.0,13,1,194,0.963,0.12,0.882,1.0,70.38,1.0,IMMINENT
1.9,29.43,0.0,85.19,1.0,80,33.45,32.07,281.93,5750.0,26530.0,13,1,194,0.963,0.12,0.867,1.0,70.38,1.0,IMMINENT
1.9,29.43,0.0,85.19,1.0,80,33.45,32.07,281.93,5750.0,26530.0,13,1,194,0.963,0.12,0.971,1.0,70.38,1.0,IMMINENT
1.88,29.31,0.0,84.66,1.0,80,32.08,31.72,278.12,6520.0,26665.0,13,1,195,0.978,-0.193,0.864,1.0,69.12,1.0,IMMINENT
1.88,29.31,0.0,84.66,1.0,80,32.08,31.72,278.12,6520.0,26665.0,13,1,195,0.978,-0.193,0.969,1.0,69.12,1.0,IMMINENT
1.88,29.31,0.0,84.66,1.0,80,32.08,31.72,278.12,6520.0,26665.0,13,1,195,0.978,-0.193,0.982,1.0,69.12,1.0,IMMINENT
1.87,29.19,0.0,84.25,1.0,80,31.09,31.07,283.09,6615.0,26915.0,13,1,199,0.983,-0.621,0.695,1.0,68.38,1.0,IMMINENT
1.87,29.19,0.0,84.25,1.0,80,31.09,31.07,283.09,6615.0,26915.0,13,1,199,0.983,-0.621,1.087,1.0,68.38,1.0,IMMINENT
1.86,29.11,0.0,84.47,1.0,79,29.17,30.93,281.18,6460.0,26635.0,14,1,201,1.008,-0.285,0.326,1.0,70.38,1.0,IMMINENT
1.86,29.11,0.0,84.47,1.0,79,29.17,30.93,281.18,6460.0,26635.0,14,1,201,1.008,-0.285,0.0,1.0,70.38,1.0,IMMINENT
1.86,29.11,0.0,84.47,1.0,79,29.17,30.93,281.18,6460.0,26635.0,14,1,201,1.008,-0.285,1.204,1.0,70.38,1.0,IMMINENT
1.85,28.99,0.0,86.27,1.0,79,26.35,30.35,261.93,7115.0,26900.0,14,1,204,1.045,-0.91,0.563,1.0,78.67,1.0,IMMINENT
1.85,28.99,0.0,86.27,1.0,79,26.35,30.35,261.93,7115.0,26900.0,14,1,204,1.045,-0.91,1.181,1.0,78.67,1.0,IMMINENT
1.85,28.99,0.0,86.27,1.0,79,26.35,30.35,261.93,7115.0,26900.0,14,1,204,1.045,-0.91,0.448,1.0,78.67,1.0,IMMINENT
1.84,28.88,0.0,87.12,1.0,79,25.26,30.2,253.24,7220.0,26960.0,14,1,207,1.058,-1.215,1.178,1.0,81.2,1.0,IMMINENT
1.84,28.88,0.0,87.12,1.0,79,25.26,30.2,253.24,7220.0,26960.0,14,1,207,1.058,-1.215,1.24,1.0,81.2,1.0,IMMINENT
1.84,28.88,0.0,87.12,1.0,79,25.26,30.2,253.24,7220.0,26960.0,14,1,207,1.058,-1.215,1.131,1.0,81.2,1.0,IMMINENT
1.83,28.77,0.0,86.6,1.0,79,26.46,30.88,266.22,7105.0,26700.0,14,1,210,1.051,-0.078,0.844,1.0,78.1,1.0,IMMINENT
1.83,28.77,0.0,86.6,1.0,79,26.46,30.88,266.22,7105.0,26700.0,14,1,210,1.051,-0.078,1.134,1.0,78.1,1.0,IMMINENT
1.83,28.77,0.0,86.6,1.0,79,26.46,30.88,266.22,7105.0,26700.0,14,1,210,1.051,-0.078,1.283,1.0,78.1,1.0,IMMINENT
1.82,28.66,0.0,86.51,1.0,79,25.52,31.29,269.01,7195.0,26545.0,14,1,213,1.071,0.656,1.238,1.0,73.61,1.0,IMMINENT
1.82,28.66,0.0,86.51,1.0,79,25.52,31.29,269.01,7195.0,26545.0,14,1,213,1.071,0.656,1.01,1.0,73.61,1.0,IMMINENT
1.82,28.66,0.0,86.51,1.0,79,25.52,31.29,269.01,7195.0,26545.0,14,1,213,1.071,0.656,1.266,1.0,73.61,1.0,IMMINENT
1.81,28.55,0.0,86.14,1.0,79,26.67,31.09,280.72,7085.0,26620.0,14,1,216,1.051,1.194,1.015,1.0,74.37,1.0,IMMINENT
1.81,28.55,0.0,86.14,1.0,79,26.67,31.09,280.72,7085.0,26620.0,14,1,216,1.051,1.194,1.091,1.0,74.37,1.0,IMMINENT
1.81,28.55,0.0,86.14,1.0,79,26.67,31.09,280.72,7085.0,26620.0,14,1,216,1.051,1.194,0.856,1.0,74.37,1.0,IMMINENT
1.79,28.44,0.0,86.22,1.0,79,28.02,30.74,282.79,6955.0,26755.0,14,1,220,1.027,1.009,1.213,1.0,77.34,1.0,IMMINENT
1.79,28.44,0.0,86.22,1.0,79,28.02,30.74,282.79,6955.0,26755.0,14,1,220,1.027,1.009,1.08,1.0,77.34,1.0,IMMINENT
1.79,28.44,0.0,86.22,1.0,79,28.02,30.74,282.79,6955.0,26755.0,14,1,220,1.027,1.009,0.995,1.0,77.34,1.0,IMMINENT
1.78,28.33,0.0,86.03,1.0,79,27.83,30.38,290.84,7320.0,26890.0,13,1,223,1.024,0.606,1.042,1.0,78.92,1.0,IMMINENT
1.78,28.33,0.0,86.03,1.0,79,27.83,30.38,290.84,7320.0,26890.0,13,1,223,1.024,0.606,0.486,1.0,78.92,1.0,IMMINENT
1.78,28.33,0.0,86.03,1.0,79,27.83,30.38,290.84,7320.0,26890.0,13,1,223,1.024,0.606,1.273,1.0,78.92,1.0,IMMINENT
1.77,28.22,0.0,86.59,1.0,79,30.46,30.14,309.05,7010.0,26980.0,13,1,224,0.977,-0.057,1.038,1.0,82.97,1.0,IMMINENT
1.77,28.22,0.0,86.59,1.0,79,30.46,30.14,309.05,7010.0,26980.0,13,1,224,0.977,-0.057,1.23,1.0,82.97,1.0,IMMINENT
1.77,28.22,0.0,86.59,1.0,79,30.46,30.14,309.05,7010.0,26980.0,13,1,224,0.977,-0.057,1.217,1.0,82.97,1.0,IMMINENT
1.76,28.12,0.0,86.24,1.0,79,33.73,30.3,327.64,6680.0,26920.0,13,1,227,0.933,-0.05,1.108,1.0,83.48,1.0,IMMINENT
1.76,28.12,0.0,86.24,1.0,79,33.73,30.3,327.64,6680.0,26920.0,13,1,227,0.933,-0.05,1.193,1.0,83.48,1.0,IMMINENT
1.76,28.12,0.0,86.24,1.0,79,33.73,30.3,327.64,6680.0,26920.0,13,1,227,0.933,-0.05,1.187,1.0,83.48,1.0,IMMINENT
1.75,28.01,0.0,86.1,1.0,79,32.94,30.14,327.02,6760.0,26980.0,13,1,231,0.943,0.448,1.171,1.0,84.68,1.0,IMMINENT
1.75,28.01,0.0,86.1,1.0,79,32.94,30.14,327.02,6760.0,26980.0,13,1,231,0.943,0.448,1.22,1.0,84.68,1.0,IMMINENT
1.75,28.01,0.0,86.1,1.0,79,32.94,30.14,327.02,6760.0,26980.0,13,1,231,0.943,0.448,1.234,1.0,84.68,1.0,IMMINENT
1.74,27.91,0.0,85.71,1.0,79,35.17,30.92,332.45,6535.0,26685.0,13,1,233,0.921,0.701,0.961,1.0,80.63,1.0,IMMINENT
1.74,27.91,0.0,85.71,1.0,79,35.17,30.92,332.45,6535.0,26685.0,13,1,233,0.921,0.701,0.948,1.0,80.63,1.0,IMMINENT
1.74,27.91,0.0,85.71,1.0,79,35.17,30.92,332.45,6535.0,26685.0,13,1,233,0.921,0.701,0.795,1.0,80.63,1.0,IMMINENT
1.73,27.81,0.0,85.63,1.0,79,33.63,30.31,321.06,6690.0,26915.0,13,1,237,0.935,0.265,1.004,1.0,81.58,1.0,IMMINENT
1.73,27.81,0.0,85.63,1.0,79,33.63,30.31,321.06,6690.0,26915.0,13,1,237,0.935,0.265,0.501,1.0,81.58,1.0,IMMINENT
1.73,27.81,0.0,85.63,1.0,79,33.63,30.31,321.06,6690.0,26915.0,13,1,237,0.935,0.265,0.437,1.0,81.58,1.0,IMMINENT
1.72,27.71,0.0,86.57,1.0,79,32.29,30.02,306.52,6825.0,26820.0,13,1,240,0.957,-0.283,1.172,1.0,86.71,1.0,IMMINENT
1.72,27.71,0.0,86.57,1.0,79,32.29,30.02,306.52,6825.0,26820.0,13,1,240,0.957,-0.283,0.799,1.0,86.71,1.0,IMMINENT
1.72,27.71,0.0,86.57,1.0,79,32.29,30.02,306.52,6825.0,26820.0,13,1,240,0.957,-0.283,1.201,1.0,86.71,1.0,IMMINENT
1.71,27.61,0.0,87.11,1.0,80,32.54,29.67,304.9,7040.0,27530.0,13,1,243,0.974,-0.766,1.325,1.0,90.81,1.0,IMMINENT
1.71,27.61,0.0,87.11,1.0,80,32.54,29.67,304.9,7040.0,27530.0,13,1,243,0.974,-0.766,1.235,1.0,90.81,1.0,IMMINENT
1.71,27.61,0.0,87.11,1.0,80,32.54,29.67,304.9,7040.0,27530.0,13,1,243,0.974,-0.766,1.051,1.0,90.81,1.0,IMMINENT
1.7,27.51,0.0,86.89,1.0,81,32.89,30.22,316.53,7005.0,27415.0,13,1,247,0.986,-0.887,0.818,1.0,86.67,1.0,IMMINENT
1.7,27.51,0.0,86.89,1.0,81,32.89,30.22,316.53,7005.0,27415.0,13,1,247,0.986,-0.887,1.217,1.0,86.67,1.0,IMMINENT
1.7,27.51,0.0,86.89,1.0,81,32.89,30.22,316.53,7005.0,27415.0,13,1,247,0.986,-0.887,1.298,1.0,86.67,1.0,IMMINENT
1.69,27.41,0.0,86.58,1.0,81,31.5,30.31,314.48,7145.0,27380.0,13,1,249,1.007,-0.373,1.093,1.0,85.62,1.0,IMMINENT
1.69,27.41,0.0,86.58,1.0,81,31.5,30.31,314.48,7145.0,27380.0,13,1,249,1.007,-0.373,1.097,1.0,85.62,1.0,IMMINENT
1.69,27.41,0.0,86.58,1.0,81,31.5,30.31,314.48,7145.0,27380.0,13,1,249,1.007,-0.373,1.255,1.0,85.62,1.0,IMMINENT
1.68,27.31,0.0,86.38,1.0,81,30.8,30.44,313.96,7215.0,27330.0,13,1,252,1.018,-0.227,1.346,1.0,85.8,1.0,IMMINENT
1.68,27.31,0.0,86.38,1.0,81,30.8,30.44,313.96,7215.0,27330.0,13,1,252,1.018,-0.227,1.345,1.0,85.8,1.0,IMMINENT
1.68,27.31,0.0,86.38,1.0,81,30.8,30.44,313.96,7215.0,27330.0,13,1,252,1.018,-0.227,1.36,1.0,85.8,1.0,IMMINENT
1.67,27.22,0.0,85.92,1.0,82,30.36,30.87,320.21,7260.0,27495.0,13,1,255,1.031,1.025,1.279,1.0,85.0,1.0,IMMINENT
1.67,27.22,0.0,85.92,1.0,82,30.36,30.87,320.21,7260.0,27495.0,13,1,255,1.031,1.025,1.524,1.0,85.0,1.0,IMMINENT
1.67,27.22,0.0,85.92,1.0,82,30.36,30.87,320.21,7260.0,27495.0,13,1,255,1.031,1.025,1.395,1.0,85.0,1.0,IMMINENT
1.66,27.12,0.0,85.46,1.0,83,32.79,31.46,341.89,7015.0,27590.0,12,1,258,1.005,1.035,1.216,1.0,83.31,1.0,IMMINENT
1.66,27.12,0.0,85.46,1.0,83,32.79,31.46,341.89,7015.0,27590.0,12,1,258,1.005,1.035,1.399,1.0,83.31,1.0,IMMINENT
1.66,27.12,0.0,85.46,1.0,83,32.79,31.46,341.89,7015.0,27590.0,12,1,258,1.005,1.035,1.496,1.0,83.31,1.0,IMMINENT
1.65,27.03,0.0,85.08,1.0,86,35.57,31.78,373.48,6735.0,28445.0,12,1,261,0.97,0.821,1.176,1.0,81.45,1.0,IMMINENT
1.65,27.03,0.0,85.08,1.0,86,35.57,31.78,373.48,6735.0,28445.0,12,1,261,0.97,0.821,0.68,1.0,81.45,1.0,IMMINENT
1.65,27.03,0.0,85.08,1.0,86,35.57,31.78,373.48,6735.0,28445.0,12,1,261,0.97,0.821,0.985,1.0,81.45,1.0,IMMINENT
1.64,26.94,0.0,85.32,1.0,88,35.32,31.45,369.19,6520.0,29240.0,12,1,264,0.934,0.084,1.173,1.0,83.47,1.0,IMMINENT
1.64,26.94,0.0,85.32,1.0,88,35.32,31.45,369.19,6520.0,29240.0,12,1,264,0.934,0.084,0.716,1.0,83.47,1.0,IMMINENT
1.64,26.94,0.0,85.32,1.0,88,35.32,31.45,369.19,6520.0,29240.0,12,1,264,0.934,0.084,1.116,1.0,83.47,1.0,IMMINENT
1.63,26.84,0.0,85.48,1.0,88,34.77,31.45,360.97,6575.0,29240.0,12,1,267,0.942,-0.333,1.147,1.0,82.95,1.0,IMMINENT
1.63,26.84,0.0,85.48,1.0,88,34.77,31.45,360.97,6575.0,29240.0,12,1,267,0.942,-0.333,0.126,1.0,82.95,1.0,IMMINENT
1.63,26.84,0.0,85.48,1.0,88,34.77,31.45,360.97,6575.0,29240.0,12,1,267,0.942,-0.333,0.796,1.0,82.95,1.0,IMMINENT
1.63,26.75,0.0,86.43,1.0,88,33.09,30.84,343.07,6745.0,29500.0,11,1,270,0.958,-0.883,1.22,1.0,88.52,1.0,IMMINENT
1.63,26.75,0.0,86.43,1.0,88,33.09,30.84,343.07,6745.0,29500.0,11,1,270,0.958,-0.883,1.159,1.0,88.52,1.0,IMMINENT
1.63,26.75,0.0,86.43,1.0,88,33.09,30.84,343.07,6745.0,29500.0,11,1,270,0.958,-0.883,1.096,1.0,88.52,1.0,IMMINENT
1.62,26.66,0.0,86.07,1.0,89,33.78,31.03,343.81,6675.0,29750.0,11,1,273,0.951,-0.862,1.365,1.0,87.25,1.0,IMMINENT
1.62,26.66,0.0,86.07,1.0,89,33.78,31.03,343.81,6675.0,29750.0,11,1,273,0.951,-0.862,1.241,1.0,87.25,1.0,IMMINENT
1.62,26.66,0.0,86.07,1.0,89,33.78,31.03,343.81,6675.0,29750.0,11,1,273,0.951,-0.862,1.119,1.0,87.25,1.0,IMMINENT
1.61,26.58,0.0,85.68,1.0,89,33.23,31.43,339.44,6730.0,29580.0,11,1,276,0.964,-0.208,1.14,1.0,84.78,1.0,IMMINENT
1.61,26.58,0.0,85.68,1.0,89,33.23,31.43,339.44,6730.0,29580.0,11,1,276,0.964,-0.208,1.099,1.0,84.78,1.0,IMMINENT
1.61,26.58,0.0,85.68,1.0,89,33.23,31.43,339.44,6730.0,29580.0,11,1,276,0.964,-0.208,1.141,1.0,84.78,1.0,IMMINENT
1.6,26.49,0.0,85.44,1.0,89,32.29,31.45,327.9,6825.0,29570.0,11,1,279,0.978,0.188,0.939,1.0,84.44,1.0,IMMINENT
1.6,26.49,0.0,85.44,1.0,89,32.29,31.45,327.9,6825.0,29570.0,11,1,279,0.978,0.188,1.191,1.0,84.44,1.0,IMMINENT
1.6,26.49,0.0,85.44,1.0,89,32.29,31.45,327.9,6825.0,29570.0,11,1,279,0.978,0.188,1.179,1.0,84.44,1.0,IMMINENT
1.59,26.4,0.0,85.28,1.0,89,31.05,31.27,316.46,6950.0,29645.0,11,1,282,0.994,0.526,0.938,1.0,85.67,1.0,IMMINENT
1.59,26.4,0.0,85.28,1.0,89,31.05,31.27,316.46,6950.0,29645.0,11,1,282,0.994,0.526,0.938,1.0,85.67,1.0,IMMINENT
1.59,26.4,0.0,85.28,1.0,89,31.05,31.27,316.46,6950.0,29645.0,11,1,282,0.994,0.526,0.938,1.0,85.67,1.0,IMMINENT
1.58,26.31,0.0,87.86,1.0,89,27.43,30.36,316.13,7315.0,30035.0,11,1,285,1.032,-0.782,0.938,1.0,101.18,1.0,IMMINENT
1.58,26.31,0.0,87.86,1.0,89,27.43,30.36,316.13,7315.0,30035.0,11,1,285,1.032,-0.782,0.031,1.0,101.18,1.0,IMMINENT
1.58,26.31,0.0,87.86,1.0,89,27.43,30.36,316.13,7315.0,30035.0,11,1,285,1.032,-0.782,0.751,1.0,101.18,1.0,IMMINENT
1.58,26.23,0.0,89.82,1.0,89,24.36,29.86,297.52,7625.0,30250.0,10,1,289,1.068,-1.483,0.93,1.0,113.2,1.0,IMMINENT
1.58,26.23,0.0,89.82,1.0,89,24.36,29.86,297.52,7625.0,30250.0,10,1,289,1.068,-1.483,1.174,1.0,113.2,1.0,IMMINENT
1.58,26.23,0.0,89.82,1.0,89,24.36,29.86,297.52,7625.0,30250.0,10,1,289,1.068,-1.483,1.256,1.0,113.2,1.0,IMMINENT
1.57,26.14,0.0,89.8,1.0,90,25.84,30.02,316.21,7475.0,30515.0,9,1,291,1.05,-1.27,1.283,1.0,112.06,1.0,IMMINENT
1.57,26.11,1.0,89.69,1.0,88,25.22,30.84,314.46,6820.0,29455.0,9,1,292,1.072,-0.894,1.299,1.0,104.43,1.0,IMMINENT
1.57,26.09,1.0,89.54,1.0,86,24.14,31.42,308.03,6190.0,28550.0,9,1,293,1.097,0.434,1.274,1.0,100.29,1.0,IMMINENT
1.57,26.09,1.0,89.54,1.0,86,24.14,31.42,308.03,6190.0,28550.0,9,1,293,1.097,0.434,1.076,1.0,100.29,1.0,IMMINENT
1.56,26.03,0.0,89.37,1.0,85,23.76,31.18,307.64,5855.0,28320.0,9,1,295,1.098,1.867,1.235,1.0,101.94,1.0,IMMINENT
1.56,26.03,0.0,89.37,1.0,85,23.76,31.18,307.64,5855.0,28320.0,9,1,295,1.098,1.867,1.265,1.0,101.94,1.0,IMMINENT
1.56,26.03,0.0,89.37,1.0,85,23.76,31.18,307.64,5855.0,28320.0,9,1,295,1.098,1.867,1.074,1.0,101.94,1.0,IMMINENT
1.55,25.95,0.0,88.95,1.0,85,24.15,31.29,312.73,5825.0,28275.0,9,1,298,1.094,3.16,1.17,1.0,100.12,1.0,IMMINENT
1.55,25.95,0.0,88.95,1.0,85,24.15,31.29,312.73,5825.0,28275.0,9,1,298,1.094,3.16,0.774,1.0,100.12,1.0,IMMINENT
1.55,25.95,0.0,88.95,1.0,85,24.15,31.29,312.73,5825.0,28275.0,9,1,298,1.094,3.16,1.228,1.0,100.12,1.0,IMMINENT
1.55,25.89,0.0,89.0,1.0,84,34.7,32.05,319.61,5015.0,27965.0,9,1,2,0.953,2.903,1.22,1.0,102.32,1.0,IMMINENT
1.55,25.89,0.0,89.0,1.0,84,34.7,32.05,319.61,5015.0,27965.0,9,1,2,0.953,2.903,0.953,1.0,102.32,1.0,IMMINENT
1.55,25.89,0.0,89.0,1.0,84,34.7,32.05,319.61,5015.0,27965.0,9,1,2,0.953,2.903,0.874,1.0,102.32,1.0,IMMINENT
1.54,25.81,0.0,88.95,1.0,84,42.51,32.67,345.03,4415.0,27710.0,9,1,5,0.846,1.141,0.0,1.0,101.79,1.0,IMMINENT
1.54,25.81,0.0,88.95,1.0,84,42.51,32.67,345.03,4415.0,27710.0,9,1,5,0.846,1.141,0.705,1.0,101.79,1.0,IMMINENT
1.54,25.81,0.0,88.95,1.0,84,42.51,32.67,345.03,4415.0,27710.0,9,1,5,0.846,1.141,1.177,1.0,101.79,1.0,IMMINENT
1.53,25.73,0.0,90.1,1.0,84,40.89,32.61,317.06,4540.0,27735.0,9,1,8,0.87,-0.778,1.303,1.0,109.35,1.0,IMMINENT
1.53,25.73,0.0,90.1,1.0,84,40.89,32.61,317.06,4540.0,27735.0,9,1,8,0.87,-0.778,0.849,1.0,109.35,1.0,IMMINENT
1.53,25.73,0.0,90.1,1.0,84,40.89,32.61,317.06,4540.0,27735.0,9,1,8,0.87,-0.778,1.152,1.0,109.35,1.0,IMMINENT
1.53,25.65,0.0,90.15,1.0,84,43.11,33.53,316.09,4915.0,27360.0,9,1,11,0.848,0.435,1.221,1.0,107.14,1.0,IMMINENT
1.53,25.65,0.0,90.15,1.0,84,43.11,33.53,316.09,4915.0,27360.0,9,1,11,0.848,0.435,0.559,1.0,107.14,1.0,IMMINENT
1.53,25.65,0.0,90.15,1.0,84,43.11,33.53,316.09,4915.0,27360.0,9,1,11,0.848,0.435,1.103,1.0,107.14,1.0,IMMINENT
1.52,25.57,0.0,90.93,1.0,84,40.26,32.93,308.7,5735.0,27605.0,9,1,13,0.883,-0.208,1.111,1.0,113.45,1.0,IMMINENT
1.52,25.57,0.0,90.93,1.0,84,40.26,32.93,308.7,5735.0,27605.0,9,1,13,0.883,-0.208,1.211,1.0,113.45,1.0,IMMINENT
1.51,25.52,0.0,90.83,1.0,83,41.82,33.27,308.29,5585.0,27145.0,9,1,16,0.864,-0.2,1.037,1.0,113.98,1.0,IMMINENT
1.51,25.52,0.0,90.83,1.0,83,41.82,33.27,308.29,5585.0,27145.0,9,1,16,0.864,-0.2,0.985,1.0,113.98,1.0,IMMINENT
1.51,25.52,0.0,90.83,1.0,83,41.82,33.27,308.29,5585.0,27145.0,9,1,16,0.864,-0.2,1.054,1.0,113.98,1.0,IMMINENT
1.51,25.44,0.0,90.97,1.0,83,42.76,33.05,300.69,5495.0,27235.0,9,1,19,0.847,-0.679,1.131,1.0,116.87,1.0,IMMINENT
1.51,25.44,0.0,90.97,1.0,83,42.76,33.05,300.69,5495.0,27235.0,9,1,19,0.847,-0.679,1.154,1.0,116.87,1.0,IMMINENT
1.51,25.44,0.0,90.97,1.0,83,42.76,33.05,300.69,5495.0,27235.0,9,1,19,0.847,-0.679,1.12,1.0,116.87,1.0,IMMINENT
1.5,25.36,0.0,90.64,1.0,83,43.13,34.29,304.22,5460.0,26735.0,9,1,22,0.858,0.609,0.88,1.0,115.48,1.0,IMMINENT
1.5,25.36,0.0,90.64,1.0,83,43.13,34.29,304.22,5460.0,26735.0,9,1,22,0.858,0.609,1.16,1.0,115.48,1.0,IMMINENT
1.5,25.36,0.0,90.64,1.0,83,43.13,34.29,304.22,5460.0,26735.0,9,1,22,0.858,0.609,0.803,1.0,115.48,1.0,IMMINENT
1.49,25.29,0.0,90.94,1.0,83,42.19,35.03,301.06,5550.0,26435.0,9,1,25,0.882,0.926,1.178,1.0,112.83,1.0,IMMINENT
1.49,25.29,0.0,90.94,1.0,83,42.19,35.03,301.06,5550.0,26435.0,9,1,25,0.882,0.926,1.065,1.0,112.83,1.0,IMMINENT
1.49,25.29,0.0,90.94,1.0,83,42.19,35.03,301.06,5550.0,26435.0,9,1,25,0.882,0.926,1.007,1.0,112.83,1.0,IMMINENT
1.49,25.21,0.0,90.65,1.0,83,48.39,36.38,321.94,4955.0,25650.0,9,1,28,0.811,0.806,0.948,1.0,108.49,1.0,IMMINENT
1.49,25.21,0.0,90.65,1.0,83,48.39,36.38,321.94,4955.0,25650.0,9,1,28,0.811,0.806,1.041,1.0,108.49,1.0,IMMINENT
1.49,25.21,0.0,90.65,1.0,83,48.39,36.38,321.94,4955.0,25650.0,9,1,28,0.811,0.806,1.056,1.0,108.49,1.0,IMMINENT
1.48,25.14,0.0,90.82,1.0,83,47.6,37.04,318.1,5030.0,25385.0,9,1,30,0.832,1.302,1.24,1.0,110.78,1.0,IMMINENT
1.48,25.14,0.0,90.82,1.0,83,47.6,37.04,318.1,5030.0,25385.0,9,1,30,0.832,1.302,1.29,1.0,110.78,1.0,IMMINENT
1.48,25.14,0.0,90.82,1.0,83,47.6,37.04,318.1,5030.0,25385.0,9,1,30,0.832,1.302,1.298,1.0,110.78,1.0,IMMINENT
1.47,25.06,0.0,90.4,1.0,83,54.17,38.34,332.62,4400.0,24860.0,9,1,34,0.743,0.995,1.23,1.0,109.94,1.0,IMMINENT
1.47,25.06,0.0,90.4,1.0,83,54.17,38.34,332.62,4400.0,24860.0,9,1,34,0.743,0.995,1.322,1.0,109.94,1.0,IMMINENT
1.47,25.06,0.0,90.4,1.0,83,54.17,38.34,332.62,4400.0,24860.0,9,1,34,0.743,0.995,1.216,1.0,109.94,1.0,IMMINENT
1.47,24.99,0.0,90.15,1.0,83,54.17,39.11,337.98,4620.0,24550.0,9,1,37,0.753,0.721,1.305,1.0,109.52,1.0,IMMINENT
1.47,24.99,0.0,90.15,1.0,83,54.17,39.11,337.98,4620.0,24550.0,9,1,37,0.753,0.721,1.259,1.0,109.52,1.0,IMMINENT
1.46,24.94,0.0,90.01,1.0,82,57.19,39.55,347.24,4110.0,24085.0,9,1,39,0.708,0.331,1.038,1.0,111.46,1.0,IMMINENT
1.46,24.94,0.0,90.01,1.0,82,57.19,39.55,347.24,4110.0,24085.0,9,1,39,0.708,0.331,0.964,1.0,111.46,1.0,IMMINENT
1.46,24.94,0.0,90.01,1.0,82,57.19,39.55,347.24,4110.0,24085.0,9,1,39,0.708,0.331,1.051,1.0,111.46,1.0,IMMINENT
1.46,24.87,0.0,89.82,1.0,82,56.41,40.0,342.1,4185.0,23905.0,9,1,42,0.727,0.338,1.183,1.0,112.8,1.0,IMMINENT
1.46,24.87,0.0,89.82,1.0,82,56.41,40.0,342.1,4185.0,23905.0,9,1,42,0.727,0.338,1.083,1.0,112.8,1.0,IMMINENT
1.46,24.87,0.0,89.82,1.0,82,56.41,40.0,342.1,4185.0,23905.0,9,1,42,0.727,0.338,1.234,1.0,112.8,1.0,IMMINENT
1.45,24.82,0.0,89.57,1.0,81,60.78,41.1,352.4,3765.0,23465.0,10,1,0,0.666,0.164,1.014,1.0,113.77,1.0,IMMINENT
1.45,24.82,0.0,89.57,1.0,81,60.78,41.1,352.4,3765.0,23465.0,10,1,0,0.666,0.164,1.076,1.0,113.77,1.0,IMMINENT
1.45,24.82,0.0,89.57,1.0,81,60.78,41.1,352.4,3765.0,23465.0,10,1,0,0.666,0.164,1.038,1.0,113.77,1.0,IMMINENT
1.45,24.75,0.0,89.2,1.0,81,60.89,42.56,350.82,3755.0,22885.0,11,1,3,0.681,0.615,1.08,1.0,110.25,1.0,IMMINENT
1.45,24.75,0.0,89.2,1.0,81,60.89,42.56,350.82,3755.0,22885.0,11,1,3,0.681,0.615,1.115,1.0,110.25,1.0,IMMINENT
1.45,24.75,0.0,89.2,1.0,81,60.89,42.56,350.82,3755.0,22885.0,11,1,3,0.681,0.615,1.149,1.0,110.25,1.0,IMMINENT
1.44,24.67,0.0,88.8,1.0,81,64.06,44.13,355.7,3450.0,22260.0,11,1,6,0.643,0.503,1.039,1.0,106.98,1.0,IMMINENT
1.44,24.67,0.0,88.8,1.0,81,64.06,44.13,355.7,3450.0,22260.0,11,1,6,0.643,0.503,1.126,1.0,106.98,1.0,IMMINENT
1.44,24.67,0.0,88.8,1.0,81,64.06,44.13,355.7,3450.0,22260.0,11,1,6,0.643,0.503,0.906,1.0,106.98,1.0,IMMINENT
1.43,24.6,0.0,88.65,1.0,81,62.14,45.41,344.39,3635.0,21750.0,11,1,9,0.694,0.472,0.859,1.0,100.86,1.0,IMMINENT
1.43,24.6,0.0,88.65,1.0,81,62.14,45.41,344.39,3635.0,21750.0,11,1,9,0.694,0.472,1.064,1.0,100.86,1.0,IMMINENT
1.43,24.6,0.0,88.65,1.0,81,62.14,45.41,344.39,3635.0,21750.0,11,1,9,0.694,0.472,1.068,1.0,100.86,1.0,IMMINENT
1.43,24.53,0.0,88.5,1.0,81,63.33,46.3,332.71,3520.0,21395.0,11,1,12,0.683,-0.036,0.333,1.0,101.91,1.0,IMMINENT
1.43,24.53,0.0,88.5,1.0,81,63.33,46.3,332.71,3520.0,21395.0,11,1,12,0.683,-0.036,0.0,1.0,101.91,1.0,IMMINENT
1.43,24.53,0.0,88.5,1.0,81,63.33,46.3,332.71,3520.0,21395.0,11,1,12,0.683,-0.036,0.0,1.0,101.91,1.0,IMMINENT
1.42,24.46,0.0,90.35,1.0,81,55.75,45.24,284.29,4460.0,21815.0,11,1,15,0.808,-1.898,1.212,1.0,116.36,1.0,IMMINENT
1.42,24.46,0.0,90.35,1.0,81,55.75,45.24,284.29,4460.0,21815.0,11,1,15,0.808,-1.898,1.223,1.0,116.36,1.0,IMMINENT
1.42,24.46,0.0,90.35,1.0,81,55.75,45.24,284.29,4460.0,21815.0,11,1,15,0.808,-1.898,0.961,1.0,116.36,1.0,IMMINENT
1.42,24.42,0.0,90.18,1.0,80,57.14,46.29,289.17,4320.0,21400.0,11,1,1,0.798,-1.7,1.123,1.0,117.06,1.0,IMMINENT
1.42,24.42,0.0,90.18,1.0,80,57.14,46.29,289.17,4320.0,21400.0,11,1,1,0.798,-1.7,1.16,1.0,117.06,1.0,IMMINENT
1.42,24.42,0.0,90.18,1.0,80,57.14,46.29,289.17,4320.0,21400.0,11,1,1,0.798,-1.7,1.06,1.0,117.06,1.0,IMMINENT
1.41,24.35,0.0,89.89,1.0,80,54.07,46.93,286.75,4630.0,21145.0,11,1,4,0.865,-1.333,1.087,1.0,116.19,1.0,IMMINENT
1.41,24.35,0.0,89.89,1.0,80,54.07,46.93,286.75,4630.0,21145.0,11,1,4,0.865,-1.333,1.128,1.0,116.19,1.0,IMMINENT
1.41,24.31,0.0,89.66,1.0,79,53.33,49.06,286.97,4480.0,20050.0,11,1,6,0.916,-0.578,1.332,1.0,100.13,1.0,IMMINENT
1.41,24.31,0.0,89.66,1.0,79,53.33,49.06,286.97,4480.0,20050.0,11,1,6,0.916,-0.578,0.947,1.0,100.13,1.0,IMMINENT
1.41,24.31,0.0,89.66,1.0,79,53.33,49.06,286.97,4480.0,20050.0,11,1,6,0.916,-0.578,1.182,1.0,100.13,1.0,IMMINENT
1.4,24.24,0.0,89.7,1.0,79,50.83,50.83,288.65,4720.0,19355.0,11,1,9,1.0,0.45,1.011,1.0,88.99,1.0,IMMINENT
1.4,24.24,0.0,89.7,1.0,79,50.83,50.83,288.65,4720.0,19355.0,11,1,9,1.0,0.45,1.322,1.0,88.99,1.0,IMMINENT
1.4,24.24,0.0,89.7,1.0,79,50.83,50.83,288.65,4720.0,19355.0,11,1,9,1.0,0.45,1.114,1.0,88.99,1.0,IMMINENT
1.4,24.17,0.0,89.61,1.0,79,49.69,51.46,294.33,4830.0,19105.0,11,1,12,1.037,0.531,0.638,1.0,88.54,1.0,IMMINENT
1.4,24.17,0.0,89.61,1.0,79,49.69,51.46,294.33,4830.0,19105.0,11,1,12,1.037,0.531,1.16,1.0,88.54,1.0,IMMINENT
1.4,24.17,0.0,89.61,1.0,79,49.69,51.46,294.33,4830.0,19105.0,11,1,12,1.037,0.531,0.665,1.0,88.54,1.0,IMMINENT
1.39,24.1,0.0,89.22,1.0,81,47.19,51.28,286.16,5070.0,19645.0,11,1,14,1.084,1.004,0.894,1.0,86.54,1.0,IMMINENT
1.39,24.1,0.0,89.22,1.0,81,47.19,51.28,286.16,5070.0,19645.0,11,1,14,1.084,1.004,1.075,1.0,86.54,1.0,IMMINENT
1.39,24.1,0.0,89.22,1.0,81,47.19,51.28,286.16,5070.0,19645.0,11,1,14,1.084,1.004,1.082,1.0,86.54,1.0,IMMINENT
1.38,24.04,0.0,88.95,1.0,83,54.27,51.51,327.84,4390.0,20015.0,12,1,18,0.943,-0.367,0.587,1.0,85.6,1.0,IMMINENT
1.38,24.04,0.0,88.95,1.0,83,54.27,51.51,327.84,4390.0,20015.0,12,1,18,0.943,-0.367,0.399,1.0,85.6,1.0,IMMINENT
1.38,24.04,0.0,88.95,1.0,83,54.27,51.51,327.84,4390.0,20015.0,12,1,18,0.943,-0.367,1.05,1.0,85.6,1.0,IMMINENT
0.0,0.0,0.0,0.0,90.0,0,100.0,100.0,0.0,0.0,0.0,0,2,0,0.0,0.0,1.058,158.0,0.0,28.0,SAFE
0.0,0.0,0.0,90.0,28.0,1,100.0,22.92,0.0,0.0,370.0,8,2,1,0.0,0.0,0.481,28.0,90.0,1.0,IMMINENT
0.0,0.0,0.0,90.0,28.0,1,100.0,22.92,0.0,0.0,370.0,8,2,1,0.0,0.0,0.192,28.0,90.0,1.0,IMMINENT
0.0,0.0,0.0,90.0,28.0,1,100.0,22.92,0.0,0.0,370.0,8,2,1,0.0,0.0,0.0,28.0,90.0,1.0,IMMINENT
14.0,19.8,-28.0,71.33,1.0,3,22.29,22.45,69.63,1119.0,1489.0,9,2,1,1.002,4.062,0.0,1.0,71.33,1.0,IMMINENT
14.0,19.8,-28.0,71.33,1.0,3,22.29,22.45,69.63,1119.0,1489.0,9,2,1,1.002,4.062,0.0,1.0,71.33,1.0,IMMINENT
9.67,15.89,-27.0,68.5,1.0,4,17.96,18.78,41.78,1969.0,2339.0,9,2,0,1.01,-3.583,0.985,1.0,68.5,1.0,IMMINENT
9.67,15.89,-27.0,68.5,1.0,4,17.96,18.78,41.78,1969.0,2339.0,9,2,0,1.01,-3.583,1.803,1.0,68.5,1.0,IMMINENT
9.67,15.89,-27.0,68.5,1.0,4,17.96,18.78,41.78,1969.0,2339.0,9,2,0,1.01,-3.583,2.277,1.0,68.5,1.0,IMMINENT
7.5,13.67,-27.0,99.8,1.0,4,18.52,18.52,116.28,3129.0,3129.0,9,2,1,1.0,-0.067,0.235,1.0,102.25,1.0,IMMINENT
7.5,13.67,-27.0,99.8,1.0,4,18.52,18.52,116.28,3129.0,3129.0,9,2,1,1.0,-0.067,0.0,1.0,102.25,1.0,IMMINENT
7.5,13.67,-27.0,99.8,1.0,4,18.52,18.52,116.28,3129.0,3129.0,9,2,1,1.0,-0.067,1.844,1.0,102.25,1.0,IMMINENT
5.17,11.2,-28.0,99.86,1.0,6,16.88,16.88,116.54,4389.0,4389.0,9,2,1,1.0,-0.644,2.224,1.0,101.5,1.0,IMMINENT
5.17,11.2,-28.0,99.86,1.0,6,16.88,16.88,116.54,4389.0,4389.0,9,2,1,1.0,-0.644,2.087,1.0,101.5,1.0,IMMINENT
5.17,11.2,-28.0,99.86,1.0,6,16.88,16.88,116.54,4389.0,4389.0,9,2,1,1.0,-0.644,2.696,1.0,101.5,1.0,IMMINENT
3.56,9.18,-28.0,81.9,1.0,9,18.32,18.32,170.68,5489.0,5489.0,9,2,4,1.0,0.214,1.756,1.0,81.0,1.0,IMMINENT
3.56,9.18,-28.0,81.9,1.0,9,18.32,18.32,170.68,5489.0,5489.0,9,2,4,1.0,0.214,1.557,1.0,81.0,1.0,IMMINENT
3.56,9.18,-28.0,81.9,1.0,9,18.32,18.32,170.68,5489.0,5489.0,9,2,4,1.0,0.214,1.775,1.0,81.0,1.0,IMMINENT
3.3,8.69,-27.0,82.64,1.0,10,19.68,19.68,199.01,6554.0,6554.0,9,2,0,1.0,0.489,1.609,1.0,81.9,1.0,IMMINENT
3.3,8.69,-27.0,82.64,1.0,10,19.68,19.68,199.01,6554.0,6554.0,9,2,0,1.0,0.489,1.145,1.0,81.9,1.0,IMMINENT
3.3,8.69,-27.0,82.64,1.0,10,19.68,19.68,199.01,6554.0,6554.0,9,2,0,1.0,0.489,1.165,1.0,81.9,1.0,IMMINENT
2.62,7.64,-28.0,72.07,1.0,13,20.06,20.06,211.42,7674.0,7674.0,9,2,3,1.0,0.397,0.92,1.0,70.69,2.0,SOON
2.62,7.64,-28.0,72.07,1.0,13,20.06,20.06,211.42,7674.0,7674.0,9,2,3,1.0,0.397,1.074,1.0,70.69,2.0,SOON
2.62,7.64,-28.0,72.07,1.0,13,20.06,20.06,211.42,7674.0,7674.0,9,2,3,1.0,0.397,1.307,1.0,70.69,2.0,SOON
2.5,7.36,-27.0,71.93,1.0,14,19.53,19.89,237.99,7725.0,8844.0,10,2,0,1.004,0.45,1.394,1.0,70.64,1.0,IMMINENT
2.5,7.36,-27.0,71.93,1.0,14,19.53,19.89,237.99,7725.0,8844.0,10,2,0,1.004,0.45,1.454,1.0,70.64,1.0,IMMINENT
2.5,7.36,-27.0,71.93,2.0,14,21.87,21.09,270.3,7500.0,9469.0,10,2,0,0.99,0.625,0.853,1.0,70.64,1.0,IMMINENT
2.5,7.36,-27.0,71.93,2.0,14,21.87,21.09,270.3,7500.0,9469.0,10,2,0,0.99,0.625,1.597,1.0,70.64,1.0,IMMINENT
2.5,7.36,-27.0,71.93,2.0,14,21.87,21.09,270.3,7500.0,9469.0,10,2,0,0.99,0.625,1.055,1.0,70.64,1.0,IMMINENT
2.47,7.09,-26.0,68.69,1.0,15,22.81,21.58,275.2,7410.0,10539.0,10,2,1,0.984,0.619,0.874,1.0,67.27,1.0,IMMINENT
2.47,7.09,-26.0,68.69,1.0,15,22.81,21.58,275.2,7410.0,10539.0,10,2,1,0.984,0.619,1.369,1.0,67.27,1.0,IMMINENT
2.47,7.09,-26.0,68.69,1.0,15,22.81,21.58,275.2,7410.0,10539.0,10,2,1,0.984,0.619,0.644,1.0,67.27,1.0,IMMINENT
2.24,6.67,-28.0,80.61,1.0,17,24.56,21.83,291.92,7242.0,11631.0,10,2,1,0.965,0.101,0.942,1.0,80.06,1.0,IMMINENT
2.24,6.67,-28.0,80.61,1.0,17,24.56,21.83,291.92,7242.0,11631.0,10,2,1,0.965,0.101,1.023,1.0,80.06,1.0,IMMINENT
2.24,6.67,-28.0,80.61,1.0,17,24.56,21.83,291.92,7242.0,11631.0,10,2,1,0.965,0.101,1.353,1.0,80.06,1.0,IMMINENT
2.05,6.31,-28.0,75.05,1.0,19,24.82,22.14,275.82,7217.0,12706.0,10,2,1,0.966,0.094,1.065,1.0,74.26,1.0,IMMINENT
2.05,6.31,-28.0,75.05,1.0,19,24.82,22.14,275.82,7217.0,12706.0,10,2,1,0.966,0.094,1.001,1.0,74.26,1.0,IMMINENT
1.9,6.01,-28.0,70.5,1.0,21,23.22,21.55,264.0,7232.0,13786.0,10,2,3,0.994,-0.206,1.026,1.0,69.57,1.0,IMMINENT
1.9,6.01,-28.0,70.5,1.0,21,23.22,21.55,264.0,7232.0,13786.0,10,2,3,0.994,-0.206,0.792,1.0,69.57,1.0,IMMINENT
1.9,6.01,-28.0,70.5,1.0,21,23.22,21.55,264.0,7232.0,13786.0,10,2,3,0.994,-0.206,1.312,1.0,69.57,1.0,IMMINENT
1.78,5.74,-28.0,68.79,1.0,23,23.33,21.66,258.92,7222.0,14896.0,10,2,2,0.995,-0.213,0.898,1.0,67.87,1.0,IMMINENT
1.78,5.74,-28.0,68.79,1.0,23,23.33,21.66,258.92,7222.0,14896.0,10,2,2,0.995,-0.213,0.346,1.0,67.87,1.0,IMMINENT
1.78,5.74,-28.0,68.79,1.0,23,23.33,21.66,258.92,7222.0,14896.0,10,2,2,0.995,-0.213,0.808,1.0,67.87,1.0,IMMINENT
1.62,5.41,-28.0,78.19,1.0,26,22.84,21.23,245.89,7267.0,16111.0,10,2,5,0.997,-0.843,0.972,1.0,77.73,1.0,IMMINENT
1.62,5.41,-28.0,78.19,1.0,26,22.84,21.23,245.89,7267.0,16111.0,10,2,5,0.997,-0.843,1.37,1.0,77.73,1.0,IMMINENT
1.62,5.41,-28.0,78.19,1.0,26,22.84,21.23,245.89,7267.0,16111.0,10,2,5,0.997,-0.843,1.166,1.0,77.73,1.0,IMMINENT
1.54,5.22,-28.0,77.79,1.0,28,22.06,21.52,242.49,7712.0,17181.0,10,2,1,1.01,-0.262,1.499,1.0,77.36,1.0,IMMINENT
1.54,5.22,-28.0,77.79,1.0,28,22.06,21.52,242.49,7712.0,17181.0,10,2,1,1.01,-0.262,1.08,1.0,77.36,1.0,IMMINENT
1.54,5.22,-28.0,77.79,1.0,28,22.06,21.52,242.49,7712.0,17181.0,10,2,1,1.01,-0.262,1.553,1.0,77.36,1.0,IMMINENT
1.47,5.04,-28.0,74.23,1.0,30,23.52,22.39,250.57,7572.0,18111.0,10,2,2,1.003,0.445,0.857,1.0,73.7,1.0,IMMINENT
1.47,5.04,-28.0,74.23,1.0,30,23.52,22.39,250.57,7572.0,18111.0,10,2,2,1.003,0.445,0.577,1.0,73.7,1.0,IMMINENT
1.47,5.04,-28.0,74.23,1.0,30,23.52,22.39,250.57,7572.0,18111.0,10,2,2,1.003,0.445,1.158,1.0,73.7,1.0,IMMINENT
1.36,4.81,-28.0,73.32,1.0,33,23.94,22.66,247.71,7532.0,19163.0,10,2,5,1.002,0.664,0.8,1.0,72.82,1.0,IMMINENT
1.36,4.81,-28.0,73.32,1.0,33,23.94,22.66,247.71,7532.0,19163.0,10,2,5,1.002,0.664,0.686,1.0,72.82,1.0,IMMINENT
1.36,4.81,-28.0,73.32,1.0,33,23.94,22.66,247.71,7532.0,19163.0,10,2,5,1.002,0.664,0.68,1.0,72.82,1.0,IMMINENT
1.28,4.61,-28.0,78.86,1.0,36,22.74,22.36,234.52,7647.0,20353.0,10,2,8,1.014,0.507,1.392,1.0,78.56,1.0,IMMINENT
1.28,4.61,-28.0,78.86,1.0,36,22.74,22.36,234.52,7647.0,20353.0,10,2,8,1.014,0.507,1.253,1.0,78.56,1.0,IMMINENT
1.28,4.61,-28.0,78.86,1.0,36,22.74,22.36,234.52,7647.0,20353.0,10,2,8,1.014,0.507,0.714,1.0,78.56,1.0,IMMINENT
1.27,4.55,-27.0,78.11,1.0,37,24.14,22.5,237.83,7647.0,21433.0,10,2,1,0.968,0.136,1.018,1.0,77.78,1.0,IMMINENT
1.27,4.55,-27.0,78.11,1.0,37,24.14,22.5,237.83,7647.0,21433.0,10,2,1,0.968,0.136,0.497,1.0,77.78,1.0,IMMINENT
1.27,4.55,-27.0,78.11,1.0,37,24.14,22.5,237.83,7647.0,21433.0,10,2,1,0.968,0.136,0.791,1.0,77.78,1.0,IMMINENT
1.26,4.49,-27.0,79.56,1.0,38,24.34,22.59,228.39,7627.0,22523.0,10,2,0,0.968,0.021,1.665,1.0,79.29,1.0,IMMINENT
1.26,4.49,-27.0,79.56,1.0,38,24.34,22.59,228.39,7627.0,22523.0,10,2,0,0.968,0.021,1.497,1.0,79.29,1.0,IMMINENT
1.26,4.49,-27.0,79.56,1.0,38,24.34,22.59,228.39,7627.0,22523.0,10,2,0,0.968,0.021,1.027,1.0,79.29,1.0,IMMINENT
1.26,4.43,-27.0,78.08,1.0,39,27.46,23.3,252.03,7312.0,23423.0,10,2,0,0.937,0.111,0.988,1.0,77.77,1.0,IMMINENT
1.26,4.43,-27.0,78.08,1.0,39,27.46,23.3,252.03,7312.0,23423.0,10,2,0,0.937,0.111,0.85,1.0,77.77,1.0,IMMINENT
1.26,4.43,-27.0,78.08,1.0,39,27.46,23.3,252.03,7312.0,23423.0,10,2,0,0.937,0.111,1.101,1.0,77.77,1.0,IMMINENT
1.25,4.37,-27.0,77.39,1.0,40,28.8,23.84,246.43,7177.0,24358.0,10,2,0,0.926,0.36,1.118,1.0,77.08,1.0,IMMINENT
1.25,4.37,-27.0,77.39,1.0,40,28.8,23.84,246.43,7177.0,24358.0,10,2,0,0.926,0.36,1.149,1.0,77.08,1.0,IMMINENT
1.25,4.37,-27.0,77.39,1.0,40,28.8,23.84,246.43,7177.0,24358.0,10,2,0,0.926,0.36,1.296,1.0,77.08,1.0,IMMINENT
1.21,4.27,-28.0,74.72,1.0,42,27.91,24.07,240.45,7267.0,25378.0,10,2,2,0.941,0.647,0.934,1.0,74.36,1.0,IMMINENT
1.21,4.27,-28.0,74.72,1.0,42,27.91,24.07,240.45,7267.0,25378.0,10,2,2,0.941,0.647,0.926,1.0,74.36,1.0,IMMINENT
1.21,4.27,-28.0,74.72,1.0,42,27.91,24.07,240.45,7267.0,25378.0,10,2,2,0.941,0.647,0.713,1.0,74.36,1.0,IMMINENT
1.16,4.13,-28.0,72.67,1.0,45,28.42,24.34,240.17,7215.0,26378.0,10,2,5,0.938,0.625,1.0,1.0,72.29,1.0,IMMINENT
1.16,4.13,-28.0,72.67,1.0,45,28.42,24.34,240.17,7215.0,26378.0,10,2,5,0.938,0.625,1.014,1.0,72.29,1.0,IMMINENT
1.16,4.13,-28.0,72.67,1.0,45,28.42,24.34,240.17,7215.0,26378.0,10,2,5,0.938,0.625,0.908,1.0,72.29,1.0,IMMINENT
1.15,4.08,-27.0,72.19,1.0,46,29.86,24.46,248.8,7070.0,27423.0,10,2,1,0.921,0.088,0.916,1.0,71.8,1.0,IMMINENT
1.15,4.08,-27.0,72.19,1.0,46,29.86,24.46,248.8,7070.0,27423.0,10,2,1,0.921,0.088,0.989,1.0,71.8,1.0,IMMINENT
1.15,4.08,-27.0,72.19,1.0,46,29.86,24.46,248.8,7070.0,27423.0,10,2,1,0.921,0.088,0.747,1.0,71.8,1.0,IMMINENT
1.15,4.04,-27.0,71.94,1.0,47,29.46,24.38,241.19,7110.0,28543.0,10,2,1,0.925,-0.404,0.657,1.0,71.55,1.0,IMMINENT
1.15,4.04,-27.0,71.94,1.0,47,29.46,24.38,241.19,7110.0,28543.0,10,2,1,0.925,-0.404,1.106,1.0,71.55,1.0,IMMINENT
1.15,4.04,-27.0,71.94,1.0,47,29.46,24.38,241.19,7110.0,28543.0,10,2,1,0.925,-0.404,0.924,1.0,71.55,1.0,IMMINENT
1.1,3.92,-28.0,71.92,1.0,50,30.11,24.54,245.6,7045.0,29568.0,10,2,4,0.919,-0.613,0.933,1.0,71.56,1.0,IMMINENT
1.1,3.92,-28.0,71.92,1.0,50,30.11,24.54,245.6,7045.0,29568.0,10,2,4,0.919,-0.613,0.932,1.0,71.56,1.0,IMMINENT
1.1,3.92,-28.0,71.92,1.0,50,30.11,24.54,245.6,7045.0,29568.0,10,2,4,0.919,-0.613,1.14,1.0,71.56,1.0,IMMINENT
1.06,3.81,-28.0,72.39,1.0,53,28.66,24.64,232.63,7191.0,30614.0,10,2,6,0.94,-0.402,1.188,1.0,72.06,1.0,IMMINENT
1.06,3.81,-28.0,72.39,1.0,53,28.66,24.64,232.63,7191.0,30614.0,10,2,6,0.94,-0.402,0.833,1.0,72.06,1.0,IMMINENT
1.06,3.81,-28.0,72.39,1.0,53,28.66,24.64,232.63,7191.0,30614.0,10,2,6,0.94,-0.402,1.295,1.0,72.06,1.0,IMMINENT
1.06,3.77,-27.0,71.8,1.0,54,27.02,24.61,236.64,7356.0,31714.0,10,2,1,0.961,-0.256,1.209,1.0,71.46,1.0,IMMINENT
1.06,3.77,-27.0,71.8,1.0,54,27.02,24.61,236.64,7356.0,31714.0,10,2,1,0.961,-0.256,0.842,1.0,71.46,1.0,IMMINENT
1.06,3.77,-27.0,71.8,1.0,54,27.02,24.61,236.64,7356.0,31714.0,10,2,1,0.961,-0.256,1.316,1.0,71.46,1.0,IMMINENT
1.02,3.68,-28.0,69.81,1.0,55,26.13,24.63,234.27,7446.0,31705.0,10,2,4,0.973,-0.346,0.86,1.0,69.73,1.0,IMMINENT
1.02,3.64,-27.0,71.0,1.0,55,25.21,24.9,237.03,6821.0,31230.0,10,2,5,0.989,-0.258,0.862,1.0,71.18,1.0,IMMINENT
1.02,3.64,-27.0,71.0,1.0,55,25.21,24.9,237.03,6821.0,31230.0,10,2,5,0.989,-0.258,0.642,1.0,71.18,1.0,IMMINENT
1.02,3.64,-27.0,71.0,1.0,55,25.21,24.9,237.03,6821.0,31230.0,10,2,5,0.989,-0.258,0.823,1.0,71.18,1.0,IMMINENT
0.98,3.56,-28.0,70.06,1.0,57,23.78,24.87,229.41,6951.0,31245.0,10,2,8,1.007,-0.37,0.878,1.0,67.46,3.0,SOON
0.98,3.56,-28.0,70.06,1.0,57,23.78,24.87,229.41,6951.0,31245.0,10,2,8,1.007,-0.37,1.001,1.0,67.46,3.0,SOON
0.98,3.56,-28.0,70.06,1.0,57,23.78,24.87,229.41,6951.0,31245.0,10,2,8,1.007,-0.37,1.168,1.0,67.46,3.0,SOON
0.98,3.53,-27.0,69.43,1.0,56,24.17,25.29,234.07,6916.0,31070.0,10,2,0,1.008,-0.437,1.189,1.0,65.62,2.0,SOON
0.98,3.53,-27.0,69.43,1.0,56,24.17,25.29,234.07,6916.0,31070.0,10,2,0,1.008,-0.437,1.604,1.0,65.62,2.0,SOON
0.98,3.53,-27.0,69.43,1.0,56,24.17,25.29,234.07,6916.0,31070.0,10,2,0,1.008,-0.437,0.922,1.0,65.62,2.0,SOON
0.98,3.53,-27.0,69.43,2.0,53,23.34,25.29,246.83,6991.0,31070.0,10,2,0,1.018,-0.22,1.034,1.0,67.08,1.0,IMMINENT
0.98,3.53,-27.0,69.43,2.0,53,23.34,25.29,246.83,6991.0,31070.0,10,2,0,1.018,-0.22,0.638,1.0,67.08,1.0,IMMINENT
0.98,3.53,-27.0,69.43,2.0,53,23.34,25.29,246.83,6991.0,31070.0,10,2,0,1.018,-0.22,0.878,1.0,67.08,1.0,IMMINENT
0.98,3.53,-27.0,69.43,3.0,52,22.48,25.15,241.32,7070.0,31130.0,10,2,0,1.028,-0.051,0.895,1.0,66.63,2.0,SOON
0.98,3.53,-27.0,69.43,3.0,52,22.48,25.15,241.32,7070.0,31130.0,10,2,0,1.028,-0.051,1.44,1.0,66.63,2.0,SOON
1.02,3.51,-25.0,69.28,1.0,50,21.76,25.07,241.81,7005.0,31045.0,10,2,0,1.066,-0.069,0.0,1.0,68.5,1.0,IMMINENT
1.02,3.51,-25.0,69.28,1.0,50,21.76,25.07,241.81,7005.0,31045.0,10,2,0,1.066,-0.069,0.79,1.0,68.5,1.0,IMMINENT
1.02,3.51,-25.0,69.28,1.0,50,21.76,25.07,241.81,7005.0,31045.0,10,2,0,1.066,-0.069,0.46,1.0,68.5,1.0,IMMINENT
1.02,3.51,-25.0,69.28,2.0,49,21.3,25.12,213.7,7045.0,31025.0,10,2,0,1.072,-0.12,0.559,1.0,68.47,1.0,IMMINENT
1.02,3.51,-25.0,69.28,2.0,49,21.3,25.12,213.7,7045.0,31025.0,10,2,0,1.072,-0.12,0.844,1.0,68.47,1.0,IMMINENT
1.02,3.51,-25.0,69.28,2.0,49,21.3,25.12,213.7,7045.0,31025.0,10,2,0,1.072,-0.12,1.132,1.0,68.47,1.0,IMMINENT
1.02,3.46,-28.0,69.91,1.0,51,21.25,24.76,211.91,7805.0,31535.0,10,2,2,1.064,-0.07,0.468,1.0,69.31,1.0,IMMINENT
1.02,3.46,-28.0,69.91,1.0,51,21.25,24.76,211.91,7805.0,31535.0,10,2,2,1.064,-0.07,0.788,1.0,69.31,1.0,IMMINENT
1.02,3.46,-28.0,69.91,1.0,51,21.25,24.76,211.91,7805.0,31535.0,10,2,2,1.064,-0.07,0.558,1.0,69.31,1.0,IMMINENT
1.0,3.41,-28.0,71.16,1.0,52,21.82,24.64,205.31,7750.0,31585.0,10,2,1,1.055,-0.262,0.689,1.0,71.92,1.0,IMMINENT
1.0,3.41,-28.0,71.16,1.0,52,21.82,24.64,205.31,7750.0,31585.0,10,2,1,1.055,-0.262,1.19,1.0,71.92,1.0,IMMINENT
1.0,3.41,-28.0,71.16,1.0,52,21.82,24.64,205.31,7750.0,31585.0,10,2,1,1.055,-0.262,0.883,1.0,71.92,1.0,IMMINENT
0.97,3.34,-28.0,73.23,1.0,53,18.91,23.98,201.13,8490.0,32318.0,10,2,4,1.13,-0.657,1.307,1.0,70.72,2.0,SOON
0.97,3.31,-27.0,72.97,1.0,52,19.56,24.17,191.14,7655.0,31508.0,10,2,5,1.134,-0.187,1.305,1.0,72.17,1.0,IMMINENT
0.97,3.31,-27.0,72.97,1.0,52,19.56,24.17,191.14,7655.0,31508.0,10,2,5,1.134,-0.187,1.275,1.0,72.17,1.0,IMMINENT
0.97,3.31,-27.0,72.97,2.0,50,18.69,24.27,201.71,7530.0,31428.0,10,2,0,1.184,-0.184,1.14,1.0,74.06,1.0,IMMINENT
0.97,3.31,-27.0,72.97,2.0,50,18.69,24.27,201.71,7530.0,31428.0,10,2,0,1.184,-0.184,1.175,1.0,74.06,1.0,IMMINENT
0.97,3.31,-27.0,72.97,2.0,50,18.69,24.27,201.71,7530.0,31428.0,10,2,0,1.184,-0.184,1.063,1.0,74.06,1.0,IMMINENT
0.96,3.25,-28.0,71.59,1.0,51,19.73,24.32,203.38,7585.0,31408.0,10,2,3,1.127,-0.023,0.899,1.0,72.9,1.0,IMMINENT
0.96,3.25,-28.0,71.59,1.0,51,19.73,24.32,203.38,7585.0,31408.0,10,2,3,1.127,-0.023,1.207,1.0,72.9,1.0,IMMINENT
0.96,3.25,-28.0,71.59,1.0,51,19.73,24.32,203.38,7585.0,31408.0,10,2,3,1.127,-0.023,0.736,1.0,72.9,1.0,IMMINENT
0.95,3.21,-28.0,72.65,1.0,50,19.44,24.42,223.76,7610.0,31368.0,10,2,1,1.132,0.041,1.283,1.0,69.66,1.0,IMMINENT
0.95,3.21,-28.0,72.65,1.0,50,19.44,24.42,223.76,7610.0,31368.0,10,2,1,1.132,0.041,0.754,1.0,69.66,1.0,IMMINENT
0.95,3.21,-28.0,72.65,1.0,50,19.44,24.42,223.76,7610.0,31368.0,10,2,1,1.132,0.041,1.226,1.0,69.66,1.0,IMMINENT
0.95,3.19,-27.0,72.51,1.0,49,21.16,24.63,232.99,7462.0,31285.0,10,2,0,1.113,0.721,0.816,1.0,69.39,1.0,IMMINENT
0.95,3.19,-27.0,72.51,1.0,49,21.16,24.63,232.99,7462.0,31285.0,10,2,0,1.113,0.721,1.111,1.0,69.39,1.0,IMMINENT
0.95,3.17,-27.0,71.85,1.0,48,21.91,24.35,248.24,7022.0,31035.0,10,2,1,1.105,1.123,1.547,1.0,70.31,1.0,IMMINENT
0.95,3.17,-27.0,71.85,1.0,48,21.91,24.35,248.24,7022.0,31035.0,10,2,1,1.105,1.123,1.973,1.0,70.31,1.0,IMMINENT
0.95,3.17,-27.0,71.85,1.0,48,21.91,24.35,248.24,7022.0,31035.0,10,2,1,1.105,1.123,0.966,1.0,70.31,1.0,IMMINENT
0.95,3.15,-27.0,71.95,1.0,46,23.75,23.94,272.35,6607.0,31393.0,10,2,0,1.028,-0.377,1.349,1.0,70.93,1.0,IMMINENT
0.95,3.15,-27.0,71.95,1.0,46,23.75,23.94,272.35,6607.0,31393.0,10,2,0,1.028,-0.377,1.159,1.0,70.93,1.0,IMMINENT
0.95,3.15,-27.0,71.95,1.0,46,23.75,23.94,272.35,6607.0,31393.0,10,2,0,1.028,-0.377,1.268,1.0,70.93,1.0,IMMINENT
0.95,3.13,-27.0,71.31,1.0,44,21.41,23.89,274.84,7742.0,31603.0,10,2,1,1.07,-0.232,1.171,1.0,64.95,1.0,IMMINENT
0.95,3.13,-27.0,71.31,1.0,44,21.41,23.89,274.84,7742.0,31603.0,10,2,1,1.07,-0.232,1.382,1.0,64.95,1.0,IMMINENT
0.95,3.13,-27.0,71.31,1.0,44,21.41,23.89,274.84,7742.0,31603.0,10,2,1,1.07,-0.232,0.921,1.0,64.95,1.0,IMMINENT
0.93,3.07,-28.0,70.13,1.0,46,21.28,23.59,272.49,8172.0,31953.0,10,2,4,1.061,-0.571,1.042,1.0,63.54,1.0,IMMINENT
0.93,3.07,-28.0,70.13,1.0,46,21.28,23.59,272.49,8172.0,31953.0,10,2,4,1.061,-0.571,0.747,1.0,63.54,1.0,IMMINENT
0.93,3.07,-28.0,70.13,1.0,46,21.28,23.59,272.49,8172.0,31953.0,10,2,4,1.061,-0.571,1.228,1.0,63.54,1.0,IMMINENT
0.93,3.05,-27.0,69.94,1.0,46,21.19,23.56,269.09,8181.0,31962.0,10,2,0,1.062,-0.371,0.329,1.0,61.78,1.0,IMMINENT
0.93,3.05,-27.0,69.94,1.0,46,21.19,23.56,269.09,8181.0,31962.0,10,2,0,1.062,-0.371,1.186,1.0,61.78,1.0,IMMINENT
0.93,3.05,-27.0,69.94,1.0,46,21.19,23.56,269.09,8181.0,31962.0,10,2,0,1.062,-0.371,1.52,1.0,61.78,1.0,IMMINENT
0.93,3.03,-27.0,70.87,1.0,46,23.84,23.51,272.08,7926.0,31982.0,10,2,0,1.028,0.247,1.395,1.0,64.61,1.0,IMMINENT
0.93,3.03,-27.0,70.87,1.0,46,23.84,23.51,272.08,7926.0,31982.0,10,2,0,1.028,0.247,0.448,1.0,64.61,1.0,IMMINENT
0.93,3.03,-27.0,70.87,1.0,46,23.84,23.51,272.08,7926.0,31982.0,10,2,0,1.028,0.247,0.552,1.0,64.61,1.0,IMMINENT
0.91,2.99,-28.0,74.89,1.0,48,21.42,22.8,262.51,8159.0,32267.0,10,2,3,1.049,0.252,0.87,1.0,72.75,1.0,IMMINENT
0.91,2.99,-28.0,74.89,1.0,48,21.42,22.8,262.51,8159.0,32267.0,10,2,3,1.049,0.252,0.863,1.0,72.75,1.0,IMMINENT
0.91,2.99,-28.0,74.89,1.0,48,21.42,22.8,262.51,8159.0,32267.0,10,2,3,1.049,0.252,0.781,1.0,72.75,1.0,IMMINENT
0.89,2.94,-28.0,79.46,1.0,49,20.0,22.35,257.0,8679.0,32447.0,10,2,6,1.057,0.221,0.737,1.0,83.61,2.0,SOON
0.89,2.94,-28.0,79.46,1.0,49,20.0,22.35,257.0,8679.0,32447.0,10,2,6,1.057,0.221,0.943,1.0,83.61,2.0,SOON
0.89,2.94,-28.0,79.46,1.0,49,20.0,22.35,257.0,8679.0,32447.0,10,2,6,1.057,0.221,0.847,1.0,83.61,2.0,SOON
0.89,2.92,-27.0,79.46,1.0,47,22.53,22.45,235.48,8229.0,32407.0,10,2,0,1.004,0.377,1.267,1.0,86.11,1.0,IMMINENT
0.89,2.92,-27.0,79.46,1.0,47,22.53,22.45,235.48,8229.0,32407.0,10,2,0,1.004,0.377,1.54,1.0,86.11,1.0,IMMINENT
0.89,2.92,-27.0,79.46,1.0,47,22.53,22.45,235.48,8229.0,32407.0,10,2,0,1.004,0.377,1.041,1.0,86.11,1.0,IMMINENT
0.89,2.92,-27.0,79.46,2.0,46,24.86,22.62,236.26,7804.0,32337.0,10,2,0,0.954,0.584,0.958,1.0,86.89,1.0,IMMINENT
0.89,2.92,-27.0,79.46,2.0,46,24.86,22.62,236.26,7804.0,32337.0,10,2,0,0.954,0.584,1.546,1.0,86.89,1.0,IMMINENT
0.89,2.92,-27.0,79.46,2.0,46,24.86,22.62,236.26,7804.0,32337.0,10,2,0,0.954,0.584,0.538,1.0,86.89,1.0,IMMINENT
0.88,2.88,-28.0,78.8,1.0,48,23.77,22.15,231.31,8179.0,33022.0,10,2,3,0.979,-0.384,0.936,1.0,85.67,1.0,IMMINENT
0.88,2.88,-28.0,78.8,1.0,48,23.77,22.15,231.31,8179.0,33022.0,10,2,3,0.979,-0.384,0.964,1.0,85.67,1.0,IMMINENT
0.89,2.86,-27.0,78.2,1.0,46,24.64,22.15,229.41,7730.0,32647.0,10,2,1,0.971,-0.256,0.904,1.0,85.15,1.0,IMMINENT
0.89,2.86,-27.0,78.2,1.0,46,24.64,22.15,229.41,7730.0,32647.0,10,2,1,0.971,-0.256,0.867,1.0,85.15,1.0,IMMINENT
0.89,2.86,-27.0,78.2,1.0,46,24.64,22.15,229.41,7730.0,32647.0,10,2,1,0.971,-0.256,0.937,1.0,85.15,1.0,IMMINENT
0.88,2.84,-28.0,78.1,1.0,45,23.36,22.16,225.32,7852.0,32643.0,10,2,2,0.986,0.38,1.265,1.0,84.96,2.0,SOON
0.88,2.84,-28.0,78.1,1.0,45,23.36,22.16,225.32,7852.0,32643.0,10,2,2,0.986,0.38,1.213,1.0,84.96,2.0,SOON
0.88,2.84,-28.0,78.1,1.0,45,23.36,22.16,225.32,7852.0,32643.0,10,2,2,0.986,0.38,1.013,1.0,84.96,2.0,SOON
0.88,2.82,-27.0,77.57,1.0,45,26.18,22.54,238.15,7582.0,32493.0,10,2,1,0.957,0.427,0.687,1.0,84.62,1.0,IMMINENT
0.88,2.82,-27.0,77.57,1.0,45,26.18,22.54,238.15,7582.0,32493.0,10,2,1,0.957,0.427,1.287,1.0,84.62,1.0,IMMINENT
0.88,2.82,-27.0,77.57,1.0,45,26.18,22.54,238.15,7582.0,32493.0,10,2,1,0.957,0.427,1.315,1.0,84.62,1.0,IMMINENT
0.88,2.82,-27.0,77.57,2.0,42,26.96,22.5,247.38,7507.0,32508.0,10,2,0,0.947,-0.212,1.039,1.0,88.29,1.0,IMMINENT
0.88,2.82,-27.0,77.57,2.0,42,26.96,22.5,247.38,7507.0,32508.0,10,2,0,0.947,-0.212,1.264,1.0,88.29,1.0,IMMINENT
0.88,2.82,-27.0,77.57,2.0,42,26.96,22.5,247.38,7507.0,32508.0,10,2,0,0.947,-0.212,1.107,1.0,88.29,1.0,IMMINENT
0.89,2.81,-26.0,77.54,1.0,42,26.18,22.71,258.06,7582.0,33168.0,10,2,0,0.96,0.163,0.647,1.0,86.74,1.0,IMMINENT
0.89,2.81,-26.0,77.54,1.0,42,26.18,22.71,258.06,7582.0,33168.0,10,2,0,0.96,0.163,1.115,1.0,86.74,1.0,IMMINENT
0.88,2.78,-28.0,78.16,1.0,41,24.84,22.86,245.85,7350.0,32736.0,10,2,2,0.981,0.457,1.122,1.0,90.39,2.0,SOON
0.88,2.78,-28.0,78.16,1.0,41,24.84,22.86,245.85,7350.0,32736.0,10,2,2,0.981,0.457,0.967,1.0,90.39,2.0,SOON
0.88,2.78,-28.0,78.16,1.0,41,24.84,22.86,245.85,7350.0,32736.0,10,2,2,0.981,0.457,0.821,1.0,90.39,2.0,SOON
0.88,2.76,-28.0,77.48,1.0,42,28.73,23.19,244.31,6500.0,32606.0,10,2,2,0.871,-0.099,1.072,1.0,89.55,1.0,IMMINENT
0.88,2.76,-28.0,77.48,1.0,42,28.73,23.19,244.31,6500.0,32606.0,10,2,2,0.871,-0.099,0.923,1.0,89.55,1.0,IMMINENT
0.88,2.76,-28.0,77.48,1.0,42,28.73,23.19,244.31,6500.0,32606.0,10,2,2,0.871,-0.099,0.0,1.0,89.55,1.0,IMMINENT
0.88,2.76,-28.0,77.48,2.0,42,28.7,23.45,233.29,6845.0,32501.0,10,2,0,0.874,0.146,1.528,1.0,89.55,1.0,IMMINENT
0.88,2.76,-28.0,77.48,2.0,42,28.7,23.45,233.29,6845.0,32501.0,10,2,0,0.874,0.146,1.131,1.0,89.55,1.0,IMMINENT
0.88,2.73,-28.0,78.46,1.0,44,28.37,23.52,244.88,6533.0,32106.0,10,2,2,0.878,-0.029,0.831,1.0,91.39,1.0,IMMINENT
0.88,2.73,-28.0,78.46,1.0,44,28.37,23.52,244.88,6533.0,32106.0,10,2,2,0.878,-0.029,0.806,1.0,91.39,1.0,IMMINENT
0.88,2.73,-28.0,78.46,1.0,44,28.37,23.52,244.88,6533.0,32106.0,10,2,2,0.878,-0.029,0.897,1.0,91.39,1.0,IMMINENT
0.88,2.72,-27.0,78.56,1.0,44,26.01,23.5,233.02,6748.0,32236.0,10,2,0,0.914,-0.094,0.299,1.0,92.07,1.0,IMMINENT
0.88,2.72,-27.0,78.56,1.0,44,26.01,23.5,233.02,6748.0,32236.0,10,2,0,0.914,-0.094,1.335,1.0,92.07,1.0,IMMINENT
0.88,2.72,-27.0,78.56,1.0,44,26.01,23.5,233.02,6748.0,32236.0,10,2,0,0.914,-0.094,1.926,1.0,92.07,1.0,IMMINENT
0.88,2.71,-27.0,80.14,1.0,45,26.78,23.74,236.32,6678.0,32141.0,10,2,0,0.908,-0.284,1.382,1.0,95.58,1.0,IMMINENT
0.88,2.71,-27.0,80.14,1.0,45,26.78,23.74,236.32,6678.0,32141.0,10,2,0,0.908,-0.284,0.319,1.0,95.58,1.0,IMMINENT
0.88,2.71,-27.0,80.14,1.0,45,26.78,23.74,236.32,6678.0,32141.0,10,2,0,0.908,-0.284,0.781,1.0,95.58,1.0,IMMINENT
0.86,2.67,-28.0,87.06,1.0,46,23.43,23.23,224.62,7594.0,32957.0,10,2,3,1.007,-1.017,1.617,1.0,111.67,1.0,IMMINENT
0.87,2.66,-27.0,86.42,1.0,45,23.84,23.34,235.04,7191.0,32177.0,10,2,4,1.006,-1.219,1.068,1.0,109.49,2.0,SOON
0.87,2.66,-27.0,86.42,1.0,45,23.84,23.34,235.04,7191.0,32177.0,10,2,4,1.006,-1.219,1.008,1.0,109.49,2.0,SOON
0.87,2.66,-27.0,86.42,1.0,45,23.84,23.34,235.04,7191.0,32177.0,10,2,4,1.006,-1.219,0.892,1.0,109.49,2.0,SOON
0.85,2.63,-28.0,86.8,1.0,45,21.03,23.77,235.77,7684.0,31800.0,10,2,7,1.087,-0.825,1.167,1.0,108.22,1.0,IMMINENT
0.85,2.63,-28.0,86.8,1.0,45,21.03,23.77,235.77,7684.0,31800.0,10,2,7,1.087,-0.825,0.997,1.0,108.22,1.0,IMMINENT
0.85,2.63,-28.0,86.8,2.0,44,20.12,23.62,251.98,7379.0,32225.0,10,2,0,1.105,-0.124,1.263,1.0,109.43,1.0,IMMINENT
0.85,2.63,-28.0,86.8,2.0,44,20.12,23.62,251.98,7379.0,32225.0,10,2,0,1.105,-0.124,0.68,1.0,109.43,1.0,IMMINENT
0.85,2.63,-28.0,86.8,2.0,44,20.12,23.62,251.98,7379.0,32225.0,10,2,0,1.105,-0.124,0.897,1.0,109.43,1.0,IMMINENT
0.85,2.6,-28.0,86.59,1.0,47,18.95,23.52,240.58,7864.0,32440.0,10,2,3,1.118,-0.073,2.09,1.0,107.45,1.0,IMMINENT
0.85,2.6,-28.0,86.59,1.0,47,18.95,23.52,240.58,7864.0,32440.0,10,2,3,1.118,-0.073,1.605,1.0,107.45,1.0,IMMINENT
0.85,2.6,-28.0,86.59,1.0,47,18.95,23.52,240.58,7864.0,32440.0,10,2,3,1.118,-0.073,1.61,1.0,107.45,1.0,IMMINENT
0.84,2.58,-28.0,86.48,1.0,46,21.72,23.94,277.32,7624.0,32275.0,10,2,2,1.089,0.793,0.677,1.0,110.76,1.0,IMMINENT
0.84,2.58,-28.0,86.48,1.0,46,21.72,23.94,277.32,7624.0,32275.0,10,2,2,1.089,0.793,0.637,1.0,110.76,1.0,IMMINENT
0.84,2.58,-28.0,86.48,1.0,46,21.72,23.94,277.32,7624.0,32275.0,10,2,2,1.089,0.793,0.661,1.0,110.76,1.0,IMMINENT
0.84,2.57,-27.0,87.0,1.0,45,20.6,23.99,256.77,7721.0,32252.0,10,2,1,1.104,0.939,0.897,1.0,111.56,1.0,IMMINENT
0.84,2.57,-27.0,87.0,1.0,45,20.6,23.99,256.77,7721.0,32252.0,10,2,1,1.104,0.939,0.535,1.0,111.56,1.0,IMMINENT
0.84,2.56,-27.0,87.92,1.0,45,24.02,23.85,257.28,6450.0,31945.0,10,2,1,0.974,0.349,0.0,1.0,114.62,1.0,IMMINENT
0.85,2.55,-27.0,88.98,1.0,45,22.3,23.42,234.65,6590.0,31745.0,9,2,2,0.989,0.094,1.065,1.0,119.07,1.0,IMMINENT
0.85,2.55,-27.0,88.98,1.0,45,22.3,23.42,234.65,6590.0,31745.0,9,2,2,0.989,0.094,0.975,1.0,119.07,1.0,IMMINENT
0.84,2.53,-28.0,88.96,1.0,46,22.83,23.58,235.42,5927.0,31120.0,9,2,4,0.952,-0.608,0.783,1.0,118.54,1.0,IMMINENT
0.84,2.53,-28.0,88.96,1.0,46,22.83,23.58,235.42,5927.0,31120.0,9,2,4,0.952,-0.608,0.73,1.0,118.54,1.0,IMMINENT
0.83,2.51,-28.0,88.59,1.0,47,22.83,23.99,225.69,5927.0,30410.0,9,2,6,0.962,-0.125,1.441,1.0,118.36,1.0,IMMINENT
0.83,2.51,-28.0,88.59,1.0,47,22.83,23.99,225.69,5927.0,30410.0,9,2,6,0.962,-0.125,0.975,1.0,118.36,1.0,IMMINENT
0.83,2.49,-28.0,89.07,1.0,46,22.89,23.97,233.83,5552.0,29820.0,9,2,8,0.968,-1.351,0.913,1.0,123.65,1.0,IMMINENT
0.83,2.49,-28.0,89.07,1.0,46,22.89,23.97,233.83,5552.0,29820.0,9,2,8,0.968,-1.351,1.125,1.0,123.65,1.0,IMMINENT
0.83,2.49,-28.0,89.07,1.0,46,22.89,23.97,233.83,5552.0,29820.0,9,2,8,0.968,-1.351,1.15,1.0,123.65,1.0,IMMINENT
0.82,2.47,-28.0,88.44,1.0,47,21.43,24.16,200.11,5657.0,29751.0,9,2,0,0.989,0.264,1.017,1.0,121.89,1.0,IMMINENT
0.82,2.47,-28.0,88.44,1.0,47,21.43,24.16,200.11,5657.0,29751.0,9,2,0,0.989,0.264,1.509,1.0,121.89,1.0,IMMINENT
0.82,2.47,-28.0,88.44,1.0,47,21.43,24.16,200.11,5657.0,29751.0,9,2,0,0.989,0.264,1.537,1.0,121.89,1.0,IMMINENT
0.82,2.46,-28.0,87.49,1.0,48,23.26,23.89,232.94,5525.0,29851.0,9,2,1,0.962,0.681,1.304,1.0,117.27,2.0,SOON
0.82,2.46,-28.0,87.49,1.0,48,23.26,23.89,232.94,5525.0,29851.0,9,2,1,0.962,0.681,1.224,1.0,117.27,2.0,SOON
0.82,2.45,-27.0,87.21,1.0,46,20.76,23.88,250.4,5890.0,29676.0,9,2,1,1.019,0.525,1.266,1.0,111.07,1.0,IMMINENT
0.82,2.45,-27.0,87.21,1.0,46,20.76,23.88,250.4,5890.0,29676.0,9,2,1,1.019,0.525,1.235,1.0,111.07,1.0,IMMINENT
0.82,2.45,-27.0,87.21,1.0,46,20.76,23.88,250.4,5890.0,29676.0,9,2,1,1.019,0.525,1.366,1.0,111.07,1.0,IMMINENT
0.82,2.45,-27.0,87.21,2.0,43,23.04,24.27,275.58,6465.0,29531.0,10,2,0,0.992,0.23,1.168,1.0,103.81,1.0,IMMINENT
0.82,2.45,-27.0,87.21,2.0,43,23.04,24.27,275.58,6465.0,29531.0,10,2,0,0.992,0.23,1.216,1.0,103.81,1.0,IMMINENT
0.82,2.45,-27.0,87.21,2.0,43,23.04,24.27,275.58,6465.0,29531.0,10,2,0,0.992,0.23,1.384,1.0,103.81,1.0,IMMINENT
0.83,2.44,-26.0,87.24,1.0,43,23.38,23.82,283.72,6805.0,29696.0,10,2,0,0.98,-0.116,0.992,1.0,104.05,1.0,IMMINENT
0.83,2.44,-26.0,87.24,1.0,43,23.38,23.82,283.72,6805.0,29696.0,10,2,0,0.98,-0.116,0.986,1.0,104.05,1.0,IMMINENT
0.83,2.44,-26.0,87.24,1.0,43,23.38,23.82,283.72,6805.0,29696.0,10,2,0,0.98,-0.116,1.545,1.0,104.05,1.0,IMMINENT
0.82,2.42,-28.0,86.33,1.0,45,23.14,23.54,294.65,7195.0,29801.0,10,2,0,0.978,0.168,0.713,1.0,100.53,1.0,IMMINENT
0.82,2.42,-28.0,86.33,1.0,45,23.14,23.54,294.65,7195.0,29801.0,10,2,0,0.978,0.168,0.288,1.0,100.53,1.0,IMMINENT
0.82,2.41,-28.0,88.08,1.0,44,22.95,23.77,277.17,7212.0,28853.0,10,2,2,1.0,-0.583,0.938,1.0,108.32,1.0,IMMINENT
0.82,2.41,-28.0,88.08,1.0,44,22.95,23.77,277.17,7212.0,28853.0,10,2,2,1.0,-0.583,0.882,1.0,108.32,1.0,IMMINENT
0.82,2.41,-28.0,88.08,1.0,44,22.95,23.77,277.17,7212.0,28853.0,10,2,2,1.0,-0.583,0.675,1.0,108.32,1.0,IMMINENT
0.82,2.39,-28.0,88.11,1.0,45,21.3,23.33,268.87,7362.0,29383.0,10,2,1,1.015,-0.433,0.898,1.0,109.47,1.0,IMMINENT
0.82,2.39,-28.0,88.11,1.0,45,21.3,23.33,268.87,7362.0,29383.0,10,2,1,1.015,-0.433,0.762,1.0,109.47,1.0,IMMINENT
0.82,2.39,-28.0,88.11,1.0,45,21.3,23.33,268.87,7362.0,29383.0,10,2,1,1.015,-0.433,0.601,1.0,109.47,1.0,IMMINENT
0.81,2.37,-28.0,88.14,1.0,46,21.03,23.32,246.54,7387.0,29386.0,10,2,4,1.019,0.218,1.121,1.0,109.76,1.0,IMMINENT
0.81,2.37,-28.0,88.14,1.0,46,21.03,23.32,246.54,7387.0,29386.0,10,2,4,1.019,0.218,0.785,1.0,109.76,1.0,IMMINENT
0.81,2.37,-28.0,88.14,1.0,46,21.03,23.32,246.54,7387.0,29386.0,10,2,4,1.019,0.218,1.149,1.0,109.76,1.0,IMMINENT
0.8,2.34,-28.0,88.62,1.0,48,22.64,22.96,240.6,7427.0,29521.0,10,2,7,0.969,-0.021,1.212,1.0,111.65,1.0,IMMINENT
0.8,2.34,-28.0,88.62,1.0,48,22.64,22.96,240.6,7427.0,29521.0,10,2,7,0.969,-0.021,0.448,1.0,111.65,1.0,IMMINENT
0.8,2.34,-28.0,88.62,1.0,48,22.64,22.96,240.6,7427.0,29521.0,10,2,7,0.969,-0.021,0.326,1.0,111.65,1.0,IMMINENT
0.79,2.33,-28.0,89.51,1.0,50,21.33,22.81,218.02,7552.0,29576.0,10,2,2,0.983,-0.006,1.05,1.0,113.38,1.0,IMMINENT
0.79,2.33,-28.0,89.51,1.0,50,21.33,22.81,218.02,7552.0,29576.0,10,2,2,0.983,-0.006,0.773,1.0,113.38,1.0,IMMINENT
0.79,2.33,-28.0,89.51,1.0,50,21.33,22.81,218.02,7552.0,29576.0,10,2,2,0.983,-0.006,0.57,1.0,113.38,1.0,IMMINENT
0.79,2.31,-28.0,89.5,1.0,51,22.03,22.75,201.24,7485.0,29599.0,10,2,2,0.974,0.204,0.649,1.0,113.18,1.0,IMMINENT
0.79,2.31,-28.0,89.5,1.0,51,22.03,22.75,201.24,7485.0,29599.0,10,2,2,0.974,0.204,1.025,1.0,113.18,1.0,IMMINENT
0.79,2.31,-28.0,89.5,1.0,51,22.03,22.75,201.24,7485.0,29599.0,10,2,2,0.974,0.204,0.956,1.0,113.18,1.0,IMMINENT
0.78,2.3,-28.0,89.83,1.0,51,21.93,22.81,190.01,7495.0,29946.0,10,2,0,0.976,0.443,0.743,1.0,113.41,1.0,IMMINENT
0.78,2.3,-28.0,89.83,1.0,51,21.93,22.81,190.01,7495.0,29946.0,10,2,0,0.976,0.443,1.181,1.0,113.41,1.0,IMMINENT
0.78,2.3,-28.0,89.83,1.0,51,21.93,22.81,190.01,7495.0,29946.0,10,2,0,0.976,0.443,1.132,1.0,113.41,1.0,IMMINENT
0.79,2.29,-27.0,89.64,1.0,50,24.08,22.65,204.09,7653.0,30006.0,10,2,0,0.947,0.332,0.889,1.0,115.18,1.0,IMMINENT
0.79,2.29,-27.0,89.64,1.0,50,24.08,22.65,204.09,7653.0,30006.0,10,2,0,0.947,0.332,0.159,1.0,115.18,1.0,IMMINENT
0.79,2.29,-27.0,89.64,1.0,50,24.08,22.65,204.09,7653.0,30006.0,10,2,0,0.947,0.332,1.244,1.0,115.18,1.0,IMMINENT
0.79,2.28,-27.0,89.19,1.0,51,25.17,22.45,201.43,7543.0,30081.0,10,2,0,0.931,0.129,1.12,1.0,113.31,1.0,IMMINENT
0.79,2.28,-27.0,89.19,1.0,51,25.17,22.45,201.43,7543.0,30081.0,10,2,0,0.931,0.129,1.166,1.0,113.31,1.0,IMMINENT
0.79,2.28,-27.0,89.19,1.0,51,25.17,22.45,201.43,7543.0,30081.0,10,2,0,0.931,0.129,1.606,1.0,113.31,1.0,IMMINENT
0.78,2.27,-28.0,88.7,1.0,51,25.02,22.56,219.56,7558.0,30411.0,10,2,0,0.935,0.203,1.429,1.0,110.18,1.0,IMMINENT
0.78,2.27,-28.0,88.7,1.0,51,25.02,22.56,219.56,7558.0,30411.0,10,2,0,0.935,0.203,1.549,1.0,110.18,1.0,IMMINENT
0.78,2.26,-27.0,88.31,1.0,51,25.41,22.84,229.38,7161.0,29934.0,10,2,1,0.933,0.332,0.0,1.0,108.96,1.0,IMMINENT
0.78,2.26,-27.0,88.31,1.0,51,25.41,22.84,229.38,7161.0,29934.0,10,2,1,0.933,0.332,0.472,1.0,108.96,1.0,IMMINENT
0.78,2.26,-27.0,88.31,1.0,51,25.41,22.84,229.38,7161.0,29934.0,10,2,1,0.933,0.332,1.361,1.0,108.96,1.0,IMMINENT
0.78,2.24,-28.0,88.62,1.0,53,25.61,22.56,227.46,7141.0,30039.0,10,2,4,0.927,-0.243,0.929,1.0,106.08,1.0,IMMINENT
0.78,2.24,-28.0,88.62,1.0,53,25.61,22.56,227.46,7141.0,30039.0,10,2,4,0.927,-0.243,1.409,1.0,106.08,1.0,IMMINENT
0.78,2.24,-28.0,88.62,1.0,53,25.61,22.56,227.46,7141.0,30039.0,10,2,4,0.927,-0.243,1.599,1.0,106.08,1.0,IMMINENT
0.77,2.23,-28.0,88.31,1.0,52,25.17,23.2,245.75,7184.0,29189.0,10,2,0,0.96,-0.211,1.426,1.0,91.0,1.0,IMMINENT
0.77,2.23,-28.0,88.31,1.0,52,25.17,23.2,245.75,7184.0,29189.0,10,2,0,0.96,-0.211,1.028,1.0,91.0,1.0,IMMINENT
0.77,2.23,-28.0,88.31,1.0,52,25.17,23.2,245.75,7184.0,29189.0,10,2,0,0.96,-0.211,0.642,1.0,91.0,1.0,IMMINENT
0.77,2.22,-28.0,88.63,1.0,53,24.44,22.98,251.38,7254.0,30009.0,10,2,2,0.967,-0.512,1.284,1.0,93.34,1.0,IMMINENT
0.77,2.22,-28.0,88.63,1.0,53,24.44,22.98,251.38,7254.0,30009.0,10,2,2,0.967,-0.512,0.878,1.0,93.34,1.0,IMMINENT
0.77,2.22,-28.0,88.63,1.0,53,24.44,22.98,251.38,7254.0,30009.0,10,2,2,0.967,-0.512,1.652,1.0,93.34,1.0,IMMINENT
0.76,2.2,-28.0,87.38,1.0,53,23.97,23.34,260.59,7299.0,29621.0,10,2,5,0.986,-0.165,1.418,1.0,88.66,1.0,IMMINENT
0.76,2.2,-28.0,87.38,1.0,53,23.97,23.34,260.59,7299.0,29621.0,10,2,5,0.986,-0.165,2.007,1.0,88.66,1.0,IMMINENT
0.76,2.2,-28.0,87.38,1.0,53,23.97,23.34,260.59,7299.0,29621.0,10,2,5,0.986,-0.165,1.915,1.0,88.66,1.0,IMMINENT
0.76,2.19,-28.0,86.86,1.0,55,25.38,23.66,297.33,7164.0,29866.0,10,2,0,0.971,0.328,0.536,1.0,86.98,1.0,IMMINENT
0.76,2.19,-28.0,86.86,1.0,55,25.38,23.66,297.33,7164.0,29866.0,10,2,0,0.971,0.328,1.002,1.0,86.98,1.0,IMMINENT
0.76,2.19,-28.0,86.86,1.0,55,25.38,23.66,297.33,7164.0,29866.0,10,2,0,0.971,0.328,0.937,1.0,86.98,1.0,IMMINENT
0.76,2.18,-28.0,86.43,1.0,54,25.06,23.98,281.0,7194.0,29741.0,10,2,1,0.98,0.415,1.356,1.0,86.09,1.0,IMMINENT
0.76,2.18,-28.0,86.43,1.0,54,25.06,23.98,281.0,7194.0,29741.0,10,2,1,0.98,0.415,0.347,1.0,86.09,1.0,IMMINENT
0.75,2.16,-28.0,88.13,1.0,54,23.79,23.33,266.05,7696.0,30006.0,10,2,3,1.026,0.176,1.185,1.0,91.83,1.0,IMMINENT
0.75,2.16,-28.0,88.13,1.0,54,23.79,23.33,266.05,7696.0,30006.0,10,2,3,1.026,0.176,0.928,1.0,91.83,1.0,IMMINENT
0.75,2.16,-28.0,88.13,1.0,54,23.79,23.33,266.05,7696.0,30006.0,10,2,3,1.026,0.176,0.914,1.0,91.83,1.0,IMMINENT
0.75,2.15,-28.0,88.36,1.0,56,25.51,23.74,280.62,7531.0,29849.0,10,2,6,1.009,0.271,0.699,1.0,91.32,1.0,IMMINENT
0.75,2.15,-28.0,88.36,1.0,56,25.51,23.74,280.62,7531.0,29849.0,10,2,6,1.009,0.271,0.156,1.0,91.32,1.0,IMMINENT
0.75,2.15,-28.0,88.36,1.0,56,25.51,23.74,280.62,7531.0,29849.0,10,2,6,1.009,0.271,0.0,1.0,91.32,1.0,IMMINENT
0.74,2.14,-28.0,89.54,1.0,57,24.27,23.29,244.02,7650.0,30389.0,10,2,0,1.02,-0.222,1.155,1.0,93.05,1.0,IMMINENT
0.74,2.14,-28.0,89.54,1.0,57,24.27,23.29,244.02,7650.0,30389.0,10,2,0,1.02,-0.222,0.761,1.0,93.05,1.0,IMMINENT
0.74,2.14,-28.0,89.54,1.0,57,24.27,23.29,244.02,7650.0,30389.0,10,2,0,1.02,-0.222,0.945,1.0,93.05,1.0,IMMINENT
0.74,2.13,-27.0,89.16,1.0,57,24.9,23.58,241.27,7590.0,31009.0,10,2,1,1.016,-0.481,1.117,1.0,89.54,1.0,IMMINENT
0.74,2.13,-27.0,89.16,1.0,57,24.9,23.58,241.27,7590.0,31009.0,10,2,1,1.016,-0.481,1.44,1.0,89.54,1.0,IMMINENT
0.74,2.13,-27.0,89.16,1.0,57,24.9,23.58,241.27,7590.0,31009.0,10,2,1,1.016,-0.481,1.266,1.0,89.54,1.0,IMMINENT
0.75,2.12,-27.0,89.05,1.0,56,25.47,23.95,241.42,7535.0,31229.0,10,2,1,1.013,-0.306,0.925,1.0,89.27,1.0,IMMINENT
0.75,2.12,-27.0,89.05,1.0,56,25.47,23.95,241.42,7535.0,31229.0,10,2,1,1.013,-0.306,1.266,1.0,89.27,1.0,IMMINENT
0.75,2.12,-27.0,89.05,1.0,56,25.47,23.95,241.42,7535.0,31229.0,10,2,1,1.013,-0.306,1.677,1.0,89.27,1.0,IMMINENT
0.74,2.11,-28.0,89.26,1.0,56,23.75,23.84,223.78,8010.0,31949.0,10,2,0,1.066,0.221,1.163,1.0,90.79,1.0,IMMINENT
0.74,2.11,-28.0,89.26,1.0,56,23.75,23.84,223.78,8010.0,31949.0,10,2,0,1.066,0.221,1.217,1.0,90.79,1.0,IMMINENT
0.74,2.11,-27.0,88.88,1.0,55,24.29,24.24,234.2,7595.0,31784.0,10,2,1,1.069,0.45,1.345,1.0,88.44,2.0,SOON
0.74,2.11,-27.0,88.88,1.0,55,24.29,24.24,234.2,7595.0,31784.0,10,2,1,1.069,0.45,1.229,1.0,88.44,2.0,SOON
0.74,2.11,-27.0,88.88,1.0,55,24.29,24.24,234.2,7595.0,31784.0,10,2,1,1.069,0.45,1.245,1.0,88.44,2.0,SOON
0.75,2.1,-27.0,88.56,1.0,54,25.47,24.17,247.94,7465.0,31814.0,10,2,0,0.997,0.253,1.584,1.0,88.87,1.0,IMMINENT
0.75,2.1,-27.0,88.56,1.0,54,25.47,24.17,247.94,7465.0,31814.0,10,2,0,0.997,0.253,1.23,1.0,88.87,1.0,IMMINENT
0.75,2.1,-27.0,88.56,1.0,54,25.47,24.17,247.94,7465.0,31814.0,10,2,0,0.997,0.253,1.257,1.0,88.87,1.0,IMMINENT
0.75,2.1,-27.0,88.56,2.0,52,25.36,24.21,260.62,7475.0,31799.0,10,2,0,0.999,0.576,0.978,1.0,91.33,2.0,SOON
0.75,2.1,-27.0,88.56,2.0,52,25.36,24.21,260.62,7475.0,31799.0,10,2,0,0.999,0.576,0.937,1.0,91.33,2.0,SOON
0.75,2.1,-27.0,88.56,2.0,52,25.36,24.21,260.62,7475.0,31799.0,10,2,0,0.999,0.576,1.378,1.0,91.33,2.0,SOON
0.75,2.09,-28.0,88.58,1.0,53,26.46,24.47,290.23,7370.0,31869.0,10,2,0,0.994,0.038,0.86,1.0,92.06,1.0,IMMINENT
0.75,2.09,-28.0,88.58,1.0,53,26.46,24.47,290.23,7370.0,31869.0,10,2,0,0.994,0.038,1.046,1.0,92.06,1.0,IMMINENT
0.75,2.09,-28.0,88.58,1.0,53,26.46,24.47,290.23,7370.0,31869.0,10,2,0,0.994,0.038,1.057,1.0,92.06,1.0,IMMINENT
0.75,2.09,-28.0,88.58,2.0,53,26.88,24.46,291.92,7330.0,31874.0,10,2,0,0.989,-0.102,0.218,1.0,92.06,1.0,IMMINENT
0.75,2.09,-28.0,88.58,2.0,53,26.88,24.46,291.92,7330.0,31874.0,10,2,0,0.989,-0.102,0.165,1.0,92.06,1.0,IMMINENT
0.75,2.09,-28.0,88.58,2.0,53,26.88,24.46,291.92,7330.0,31874.0,10,2,0,0.989,-0.102,0.624,1.0,92.06,1.0,IMMINENT
0.75,2.08,-28.0,91.38,1.0,55,24.01,24.08,258.38,7605.0,32029.0,10,2,3,1.021,-0.493,0.965,1.0,101.62,1.0,IMMINENT
0.75,2.08,-28.0,91.38,1.0,55,24.01,24.08,258.38,7605.0,32029.0,10,2,3,1.021,-0.493,0.9,1.0,101.62,1.0,IMMINENT
0.75,2.08,-28.0,91.38,1.0,55,24.01,24.08,258.38,7605.0,32029.0,10,2,3,1.021,-0.493,0.456,1.0,101.62,1.0,IMMINENT
0.74,2.07,-28.0,92.45,1.0,55,23.8,23.98,239.94,7315.0,32069.0,10,2,1,0.981,-0.701,1.34,1.0,107.8,1.0,IMMINENT
0.74,2.07,-28.0,92.45,1.0,55,23.8,23.98,239.94,7315.0,32069.0,10,2,1,0.981,-0.701,0.94,1.0,107.8,1.0,IMMINENT
0.74,2.07,-28.0,92.45,1.0,55,23.8,23.98,239.94,7315.0,32069.0,10,2,1,0.981,-0.701,1.106,1.0,107.8,1.0,IMMINENT
0.74,2.06,-28.0,91.7,1.0,56,23.71,24.4,240.05,7690.0,32262.0,10,2,4,0.987,-0.307,0.879,1.0,100.75,1.0,IMMINENT
0.74,2.06,-28.0,91.7,1.0,56,23.71,24.4,240.05,7690.0,32262.0,10,2,4,0.987,-0.307,0.81,1.0,100.75,1.0,IMMINENT
0.74,2.06,-28.0,91.7,1.0,56,23.71,24.4,240.05,7690.0,32262.0,10,2,4,0.987,-0.307,1.056,1.0,100.75,1.0,IMMINENT
0.73,2.04,-28.0,90.87,1.0,57,22.87,24.48,227.72,7775.0,32227.0,10,2,7,0.999,-0.318,0.967,1.0,97.75,1.0,IMMINENT
0.73,2.04,-28.0,90.87,1.0,57,22.87,24.48,227.72,7775.0,32227.0,10,2,7,0.999,-0.318,1.396,1.0,97.75,1.0,IMMINENT
0.73,2.04,-28.0,90.87,1.0,57,22.87,24.48,227.72,7775.0,32227.0,10,2,7,0.999,-0.318,0.571,1.0,97.75,1.0,IMMINENT
0.73,2.03,-28.0,90.89,1.0,56,21.63,24.28,214.52,7900.0,32312.0,10,2,1,1.013,0.022,0.663,1.0,97.98,1.0,IMMINENT
0.73,2.03,-28.0,90.89,1.0,56,21.63,24.28,214.52,7900.0,32312.0,10,2,1,1.013,0.022,0.681,1.0,97.98,1.0,IMMINENT
0.73,2.03,-28.0,90.89,1.0,56,21.63,24.28,214.52,7900.0,32312.0,10,2,1,1.013,0.022,0.0,1.0,97.98,1.0,IMMINENT
0.73,2.02,-28.0,91.67,1.0,55,19.79,23.76,191.89,8085.0,32527.0,10,2,0,1.03,-0.375,1.107,1.0,99.85,1.0,IMMINENT
0.73,2.02,-28.0,91.67,1.0,55,19.79,23.76,191.89,8085.0,32527.0,10,2,0,1.03,-0.375,1.176,1.0,99.85,1.0,IMMINENT
0.73,2.02,-28.0,91.67,1.0,55,19.79,23.76,191.89,8085.0,32527.0,10,2,0,1.03,-0.375,0.869,1.0,99.85,1.0,IMMINENT
0.72,2.01,-28.0,90.86,1.0,56,19.35,23.94,193.59,8130.0,32452.0,10,2,3,1.038,0.016,1.607,1.0,94.5,1.0,IMMINENT
0.72,2.01,-28.0,90.86,1.0,56,19.35,23.94,193.59,8130.0,32452.0,10,2,3,1.038,0.016,1.53,1.0,94.5,1.0,IMMINENT
0.72,2.01,-28.0,90.86,1.0,56,19.35,23.94,193.59,8130.0,32452.0,10,2,3,1.038,0.016,0.801,1.0,94.5,1.0,IMMINENT
0.72,2.0,-28.0,90.25,1.0,56,21.43,23.91,226.9,7920.0,32464.0,10,2,1,1.011,-0.119,0.136,1.0,92.3,1.0,IMMINENT
0.72,2.0,-28.0,90.25,1.0,56,21.43,23.91,226.9,7920.0,32464.0,10,2,1,1.011,-0.119,0.883,1.0,92.3,1.0,IMMINENT
0.72,2.0,-28.0,90.25,1.0,56,21.43,23.91,226.9,7920.0,32464.0,10,2,1,1.011,-0.119,0.0,1.0,92.3,1.0,IMMINENT
0.72,1.99,-27.0,90.21,1.0,55,20.59,23.64,211.9,8005.0,32579.0,10,2,0,1.018,-0.226,0.848,1.0,91.25,1.0,IMMINENT
0.72,1.99,-27.0,90.21,1.0,55,20.59,23.64,211.9,8005.0,32579.0,10,2,0,1.018,-0.226,0.58,1.0,91.25,1.0,IMMINENT
0.72,1.99,-27.0,90.21,1.0,55,20.59,23.64,211.9,8005.0,32579.0,10,2,0,1.018,-0.226,1.174,1.0,91.25,1.0,IMMINENT
0.72,1.99,-27.0,90.18,1.0,55,19.94,23.4,202.7,8070.0,32679.0,10,2,0,1.023,0.112,0.886,1.0,91.71,1.0,IMMINENT
0.72,1.99,-27.0,90.18,1.0,55,19.94,23.4,202.7,8070.0,32679.0,10,2,0,1.023,0.112,1.573,1.0,91.71,1.0,IMMINENT
0.72,1.99,-27.0,90.18,1.0,55,19.94,23.4,202.7,8070.0,32679.0,10,2,0,1.023,0.112,1.265,1.0,91.71,1.0,IMMINENT
0.72,1.98,-28.0,89.54,1.0,56,21.08,23.49,213.52,7955.0,32639.0,10,2,1,1.01,0.452,0.949,1.0,90.52,1.0,IMMINENT
0.72,1.98,-28.0,89.54,1.0,56,21.08,23.49,213.52,7955.0,32639.0,10,2,1,1.01,0.452,1.085,1.0,90.52,1.0,IMMINENT
0.72,1.98,-28.0,89.54,1.0,56,21.08,23.49,213.52,7955.0,32639.0,10,2,1,1.01,0.452,0.946,1.0,90.52,1.0,IMMINENT
0.72,1.98,-27.0,89.24,1.0,55,21.83,23.51,213.83,7880.0,32634.0,10,2,0,1.0,0.683,0.805,1.0,90.8,1.0,IMMINENT
0.72,1.98,-27.0,89.24,1.0,55,21.83,23.51,213.83,7880.0,32634.0,10,2,0,1.0,0.683,0.874,1.0,90.8,1.0,IMMINENT
0.72,1.98,-27.0,89.24,1.0,55,21.83,23.51,213.83,7880.0,32634.0,10,2,0,1.0,0.683,0.931,1.0,90.8,1.0,IMMINENT
0.72,1.97,-27.0,89.1,1.0,55,24.21,23.49,228.15,7640.0,33006.0,10,2,1,0.97,0.296,1.326,1.0,91.38,1.0,IMMINENT
0.72,1.97,-27.0,89.1,1.0,55,24.21,23.49,228.15,7640.0,33006.0,10,2,1,0.97,0.296,1.172,1.0,91.38,1.0,IMMINENT
0.72,1.97,-27.0,89.1,1.0,55,24.21,23.49,228.15,7640.0,33006.0,10,2,1,0.97,0.296,0.841,1.0,91.38,1.0,IMMINENT
0.72,1.97,-27.0,88.95,1.0,53,23.69,23.5,230.18,7692.0,33003.0,10,2,0,0.977,0.067,1.569,1.0,89.96,1.0,IMMINENT
0.72,1.97,-27.0,88.95,1.0,53,23.69,23.5,230.18,7692.0,33003.0,10,2,0,0.977,0.067,0.832,1.0,89.96,1.0,IMMINENT
0.72,1.97,-27.0,88.95,1.0,53,23.69,23.5,230.18,7692.0,33003.0,10,2,0,0.977,0.067,1.21,1.0,89.96,1.0,IMMINENT
0.72,1.96,-28.0,88.92,1.0,53,23.74,23.59,226.34,7687.0,32967.0,10,2,2,0.977,0.211,1.158,1.0,90.79,1.0,IMMINENT
0.72,1.96,-28.0,88.92,1.0,53,23.74,23.59,226.34,7687.0,32967.0,10,2,2,0.977,0.211,0.444,1.0,90.79,1.0,IMMINENT
0.72,1.96,-28.0,88.92,1.0,53,23.74,23.59,226.34,7687.0,32967.0,10,2,2,0.977,0.211,0.605,1.0,90.79,1.0,IMMINENT
0.72,1.95,-28.0,88.98,1.0,54,24.58,23.68,239.85,7602.0,32927.0,10,2,5,0.967,-0.14,0.481,1.0,90.04,1.0,IMMINENT
0.72,1.95,-28.0,88.98,1.0,54,24.58,23.68,239.85,7602.0,32927.0,10,2,5,0.967,-0.14,0.83,1.0,90.04,1.0,IMMINENT
0.72,1.95,-28.0,88.98,1.0,54,24.58,23.68,239.85,7602.0,32927.0,10,2,5,0.967,-0.14,1.165,1.0,90.04,1.0,IMMINENT
0.72,1.94,-27.0,88.67,1.0,52,25.67,23.81,238.42,7492.0,32872.0,10,2,0,0.955,-0.047,1.837,1.0,92.83,1.0,IMMINENT
0.72,1.94,-27.0,88.67,1.0,52,25.67,23.81,238.42,7492.0,32872.0,10,2,0,0.955,-0.047,1.53,1.0,92.83,1.0,IMMINENT
0.72,1.94,-27.0,88.67,1.0,52,25.67,23.81,238.42,7492.0,32872.0,10,2,0,0.955,-0.047,1.926,1.0,92.83,1.0,IMMINENT
0.72,1.94,-27.0,88.36,1.0,51,26.22,23.72,256.24,7437.0,32912.0,10,2,0,0.947,0.343,1.027,1.0,93.37,1.0,IMMINENT
0.72,1.94,-27.0,88.36,1.0,51,26.22,23.72,256.24,7437.0,32912.0,10,2,0,0.947,0.343,0.965,1.0,93.37,1.0,IMMINENT
0.72,1.94,-27.0,88.36,1.0,51,26.22,23.72,256.24,7437.0,32912.0,10,2,0,0.947,0.343,0.851,1.0,93.37,1.0,IMMINENT
0.71,1.93,-28.0,87.64,1.0,52,25.28,23.57,254.81,7532.0,32972.0,10,2,3,0.957,0.128,1.277,1.0,91.67,1.0,IMMINENT
0.71,1.93,-28.0,87.64,1.0,52,25.28,23.57,254.81,7532.0,32972.0,10,2,3,0.957,0.128,1.216,1.0,91.67,1.0,IMMINENT
0.71,1.93,-28.0,87.64,1.0,52,25.28,23.57,254.81,7532.0,32972.0,10,2,3,0.957,0.128,1.133,1.0,91.67,1.0,IMMINENT
0.71,1.92,-28.0,87.18,1.0,52,25.03,23.79,266.53,7557.0,32867.0,10,2,2,0.974,0.111,0.216,1.0,83.98,1.0,IMMINENT
0.71,1.92,-28.0,87.18,1.0,52,25.03,23.79,266.53,7557.0,32867.0,10,2,2,0.974,0.111,1.446,1.0,83.98,1.0,IMMINENT
0.71,1.92,-28.0,87.18,1.0,52,25.03,23.79,266.53,7557.0,32867.0,10,2,2,0.974,0.111,0.524,1.0,83.98,1.0,IMMINENT
0.71,1.91,-28.0,88.8,1.0,52,24.55,23.3,253.59,7605.0,33077.0,10,2,5,0.974,-0.388,1.471,1.0,90.33,1.0,IMMINENT
0.71,1.91,-28.0,88.8,1.0,52,24.55,23.3,253.59,7605.0,33077.0,10,2,5,0.974,-0.388,1.267,1.0,90.33,1.0,IMMINENT
0.71,1.91,-28.0,88.8,1.0,52,24.55,23.3,253.59,7605.0,33077.0,10,2,5,0.974,-0.388,1.155,1.0,90.33,1.0,IMMINENT
0.7,1.9,-28.0,88.43,1.0,53,24.85,23.73,256.94,7575.0,32892.0,10,2,8,0.976,-0.187,0.89,1.0,84.66,1.0,IMMINENT
0.7,1.9,-28.0,88.43,1.0,53,24.85,23.73,256.94,7575.0,32892.0,10,2,8,0.976,-0.187,0.876,1.0,84.66,1.0,IMMINENT
0.7,1.9,-28.0,88.43,1.0,53,24.85,23.73,256.94,7575.0,32892.0,10,2,8,0.976,-0.187,1.172,1.0,84.66,1.0,IMMINENT
0.7,1.89,-28.0,87.73,1.0,55,25.35,23.8,265.41,7525.0,32862.0,10,2,9,0.97,-0.292,1.483,1.0,83.04,1.0,IMMINENT
0.7,1.89,-28.0,87.73,1.0,55,25.35,23.8,265.41,7525.0,32862.0,10,2,9,0.97,-0.292,1.104,1.0,83.04,1.0,IMMINENT
0.7,1.89,-28.0,87.73,1.0,55,25.35,23.8,265.41,7525.0,32862.0,10,2,9,0.97,-0.292,1.189,1.0,83.04,1.0,IMMINENT
0.69,1.87,-28.0,87.01,1.0,57,24.49,23.6,280.45,7611.0,32948.0,10,2,14,0.979,-0.119,0.796,1.0,80.49,1.0,IMMINENT
0.69,1.87,-28.0,87.01,1.0,57,24.49,23.6,280.45,7611.0,32948.0,10,2,14,0.979,-0.119,1.204,1.0,80.49,1.0,IMMINENT
0.69,1.87,-28.0,87.01,1.0,57,24.49,23.6,280.45,7611.0,32948.0,10,2,14,0.979,-0.119,0.568,1.0,80.49,1.0,IMMINENT
0.69,1.86,-28.0,87.29,1.0,58,21.57,23.2,249.76,8073.0,32975.0,10,2,17,1.038,-0.182,0.944,1.0,81.03,1.0,IMMINENT
0.69,1.86,-28.0,87.29,1.0,58,21.57,23.2,249.76,8073.0,32975.0,10,2,17,1.038,-0.182,1.432,1.0,81.03,1.0,IMMINENT
0.69,1.86,-27.0,87.09,1.0,58,22.24,23.12,256.69,7632.0,33009.0,10,2,0,1.029,-0.2,1.09,1.0,81.36,1.0,IMMINENT
0.69,1.86,-27.0,87.09,1.0,58,22.24,23.12,256.69,7632.0,33009.0,10,2,0,1.029,-0.2,0.969,1.0,81.36,1.0,IMMINENT
0.69,1.86,-27.0,87.09,1.0,58,22.24,23.12,256.69,7632.0,33009.0,10,2,0,1.029,-0.2,0.633,1.0,81.36,1.0,IMMINENT
0.69,1.85,-28.0,86.53,1.0,60,22.04,23.02,245.6,7651.0,33053.0,10,2,3,1.03,-0.052,1.282,1.0,80.22,1.0,IMMINENT
0.69,1.85,-28.0,86.53,1.0,60,22.04,23.02,245.6,7651.0,33053.0,10,2,3,1.03,-0.052,1.23,1.0,80.22,1.0,IMMINENT
0.69,1.85,-28.0,86.53,1.0,60,22.04,23.02,245.6,7651.0,33053.0,10,2,3,1.03,-0.052,0.542,1.0,80.22,1.0,IMMINENT
0.68,1.84,-28.0,86.78,1.0,62,24.02,23.0,256.08,7461.0,33063.0,10,2,2,1.004,-0.038,1.278,1.0,81.42,1.0,IMMINENT
0.68,1.84,-28.0,86.78,1.0,62,24.02,23.0,256.08,7461.0,33063.0,10,2,2,1.004,-0.038,1.51,1.0,81.42,1.0,IMMINENT
0.68,1.84,-28.0,86.78,1.0,62,24.02,23.0,256.08,7461.0,33063.0,10,2,2,1.004,-0.038,1.173,1.0,81.42,1.0,IMMINENT
0.69,1.84,-27.0,86.49,1.0,61,24.8,23.36,257.07,7386.0,32908.0,10,2,1,0.999,0.482,1.458,1.0,80.05,1.0,IMMINENT
0.69,1.84,-27.0,86.49,1.0,61,24.8,23.36,257.07,7386.0,32908.0,10,2,1,0.999,0.482,0.787,1.0,80.05,1.0,IMMINENT
0.69,1.84,-27.0,86.49,1.0,61,24.8,23.36,257.07,7386.0,32908.0,10,2,1,0.999,0.482,1.389,1.0,80.05,1.0,IMMINENT
0.68,1.83,-28.0,86.1,1.0,63,24.7,23.31,265.57,7396.0,32928.0,10,2,2,1.0,0.577,0.759,1.0,78.7,2.0,SOON
0.68,1.83,-28.0,86.1,1.0,63,24.7,23.31,265.57,7396.0,32928.0,10,2,2,1.0,0.577,0.643,1.0,78.7,2.0,SOON
0.68,1.83,-28.0,86.1,1.0,63,24.7,23.31,265.57,7396.0,32928.0,10,2,2,1.0,0.577,0.777,1.0,78.7,2.0,SOON
0.69,1.83,-27.0,86.39,1.0,61,23.56,23.5,246.51,7505.0,32848.0,10,2,0,1.017,0.281,0.035,1.0,70.79,1.0,IMMINENT
0.69,1.83,-27.0,86.39,1.0,61,23.56,23.5,246.51,7505.0,32848.0,10,2,0,1.017,0.281,0.039,1.0,70.79,1.0,IMMINENT
0.69,1.83,-27.0,86.39,1.0,61,23.56,23.5,246.51,7505.0,32848.0,10,2,0,1.017,0.281,0.0,1.0,70.79,1.0,IMMINENT
0.69,1.83,-27.0,86.39,2.0,59,25.75,23.64,216.49,7128.0,32788.0,10,2,0,0.967,-0.211,0.264,1.0,66.58,1.0,IMMINENT
0.69,1.83,-27.0,86.39,2.0,59,25.75,23.64,216.49,7128.0,32788.0,10,2,0,0.967,-0.211,0.0,1.0,66.58,1.0,IMMINENT
0.69,1.83,-27.0,86.39,2.0,59,25.75,23.64,216.49,7128.0,32788.0,10,2,0,0.967,-0.211,0.504,1.0,66.58,1.0,IMMINENT
0.69,1.82,-28.0,86.54,1.0,58,24.56,23.32,187.72,7604.0,32923.0,10,2,1,0.979,-0.488,1.105,1.0,69.1,1.0,IMMINENT
0.69,1.82,-28.0,86.54,1.0,58,24.56,23.32,187.72,7604.0,32923.0,10,2,1,0.979,-0.488,0.893,1.0,69.1,1.0,IMMINENT
0.69,1.82,-28.0,86.54,1.0,58,24.56,23.32,187.72,7604.0,32923.0,10,2,1,0.979,-0.488,0.879,1.0,69.1,1.0,IMMINENT
0.69,1.82,-28.0,86.64,1.0,57,25.25,23.58,189.47,7535.0,32813.0,10,2,2,0.973,-0.381,1.374,1.0,71.89,1.0,IMMINENT
0.69,1.82,-28.0,86.64,1.0,57,25.25,23.58,189.47,7535.0,32813.0,10,2,2,0.973,-0.381,1.076,1.0,71.89,1.0,IMMINENT
0.69,1.82,-28.0,86.64,1.0,57,25.25,23.58,189.47,7535.0,32813.0,10,2,2,0.973,-0.381,0.795,1.0,71.89,1.0,IMMINENT
0.68,1.81,-28.0,86.49,1.0,58,24.7,23.72,191.24,7590.0,32753.0,10,2,5,0.982,-0.175,0.716,1.0,71.26,2.0,SOON
0.68,1.81,-28.0,86.49,1.0,58,24.7,23.72,191.24,7590.0,32753.0,10,2,5,0.982,-0.175,0.603,1.0,71.26,2.0,SOON
0.68,1.81,-28.0,86.49,1.0,58,24.7,23.72,191.24,7590.0,32753.0,10,2,5,0.982,-0.175,0.897,1.0,71.26,2.0,SOON
0.68,1.8,-28.0,86.11,1.0,58,22.57,24.01,170.97,7805.0,32628.0,10,2,0,1.014,0.001,1.049,1.0,66.69,1.0,IMMINENT
0.68,1.8,-28.0,86.11,1.0,58,22.57,24.01,170.97,7805.0,32628.0,10,2,0,1.014,0.001,0.439,1.0,66.69,1.0,IMMINENT
0.68,1.8,-28.0,86.11,1.0,58,22.57,24.01,170.97,7805.0,32628.0,10,2,0,1.014,0.001,0.0,1.0,66.69,1.0,IMMINENT
0.68,1.8,-28.0,86.11,2.0,55,21.23,23.76,146.08,7940.0,32738.0,10,2,0,1.028,-0.13,0.765,1.0,68.33,2.0,SOON
0.68,1.8,-28.0,86.11,2.0,55,21.23,23.76,146.08,7940.0,32738.0,10,2,0,1.028,-0.13,1.38,1.0,68.33,2.0,SOON
0.68,1.8,-28.0,86.11,2.0,55,21.23,23.76,146.08,7940.0,32738.0,10,2,0,1.028,-0.13,1.186,1.0,68.33,2.0,SOON
0.68,1.79,-28.0,85.46,1.0,56,23.16,23.91,158.59,7745.0,32673.0,10,2,3,1.005,-0.015,0.551,1.0,67.64,1.0,IMMINENT
0.68,1.79,-28.0,85.46,1.0,56,23.16,23.91,158.59,7745.0,32673.0,10,2,3,1.005,-0.015,0.943,1.0,67.64,1.0,IMMINENT
0.68,1.79,-28.0,85.46,2.0,55,21.2,23.81,183.33,7895.0,32678.0,10,2,0,1.063,-0.276,0.89,1.0,67.42,2.0,SOON
0.68,1.79,-28.0,85.46,2.0,55,21.2,23.81,183.33,7895.0,32678.0,10,2,0,1.063,-0.276,1.007,1.0,67.42,2.0,SOON
0.68,1.79,-28.0,85.46,2.0,55,21.2,23.81,183.33,7895.0,32678.0,10,2,0,1.063,-0.276,0.887,1.0,67.42,2.0,SOON
0.68,1.79,-28.0,85.14,1.0,56,21.72,23.77,207.12,7845.0,32698.0,10,2,0,1.056,-0.441,1.335,1.0,66.21,1.0,IMMINENT
0.68,1.79,-28.0,85.14,1.0,56,21.72,23.77,207.12,7845.0,32698.0,10,2,0,1.056,-0.441,0.928,1.0,66.21,1.0,IMMINENT
0.68,1.79,-28.0,85.14,1.0,56,21.72,23.77,207.12,7845.0,32698.0,10,2,0,1.056,-0.441,1.234,1.0,66.21,1.0,IMMINENT
0.68,1.79,-28.0,85.14,2.0,54,21.65,23.74,214.26,7852.0,32710.0,10,2,0,1.056,0.058,0.562,1.0,67.83,1.0,IMMINENT
0.68,1.79,-28.0,85.14,2.0,54,21.65,23.74,214.26,7852.0,32710.0,10,2,0,1.056,0.058,0.78,1.0,67.83,1.0,IMMINENT
0.68,1.79,-28.0,85.14,2.0,54,21.65,23.74,214.26,7852.0,32710.0,10,2,0,1.056,0.058,0.908,1.0,67.83,1.0,IMMINENT
0.69,1.79,-28.0,85.04,1.0,55,20.6,23.47,202.29,7952.0,32825.0,10,2,0,1.066,0.189,1.05,1.0,68.78,1.0,IMMINENT
0.69,1.79,-28.0,85.04,1.0,55,20.6,23.47,202.29,7952.0,32825.0,10,2,0,1.066,0.189,0.479,1.0,68.78,1.0,IMMINENT
0.69,1.79,-28.0,85.04,1.0,55,20.6,23.47,202.29,7952.0,32825.0,10,2,0,1.066,0.189,0.789,1.0,68.78,1.0,IMMINENT
0.68,1.78,-28.0,85.23,1.0,57,20.76,23.23,203.32,7937.0,32925.0,10,2,3,1.061,0.001,0.672,1.0,70.67,1.0,IMMINENT
0.68,1.78,-28.0,85.23,1.0,57,20.76,23.23,203.32,7937.0,32925.0,10,2,3,1.061,0.001,0.987,1.0,70.67,1.0,IMMINENT
0.68,1.78,-28.0,85.23,1.0,57,20.76,23.23,203.32,7937.0,32925.0,10,2,3,1.061,0.001,1.07,1.0,70.67,1.0,IMMINENT
0.68,1.77,-28.0,85.13,1.0,58,22.64,23.52,217.87,7757.0,32803.0,10,2,1,1.04,0.114,0.789,1.0,70.97,1.0,IMMINENT
0.68,1.77,-28.0,85.13,1.0,58,22.64,23.52,217.87,7757.0,32803.0,10,2,1,1.04,0.114,1.074,1.0,70.97,1.0,IMMINENT
0.68,1.77,-28.0,85.13,1.0,58,22.64,23.52,217.87,7757.0,32803.0,10,2,1,1.04,0.114,0.522,1.0,70.97,1.0,IMMINENT
0.68,1.76,-28.0,85.96,1.0,59,20.24,23.12,206.56,8307.0,33293.0,10,2,4,1.098,0.1,1.291,1.0,75.1,1.0,IMMINENT
0.68,1.76,-28.0,85.96,1.0,59,20.24,23.12,206.56,8307.0,33293.0,10,2,4,1.098,0.1,1.256,1.0,75.1,1.0,IMMINENT
0.68,1.76,-28.0,85.96,1.0,59,20.24,23.12,206.56,8307.0,33293.0,10,2,4,1.098,0.1,0.811,1.0,75.1,1.0,IMMINENT
0.68,1.76,-28.0,86.35,1.0,58,21.36,23.04,217.56,8247.0,33323.0,10,2,2,1.037,-0.289,1.048,1.0,76.4,2.0,SOON
0.68,1.76,-28.0,86.35,1.0,58,21.36,23.04,217.56,8247.0,33323.0,10,2,2,1.037,-0.289,1.321,1.0,76.4,2.0,SOON
0.68,1.76,-28.0,86.35,1.0,58,21.36,23.04,217.56,8247.0,33323.0,10,2,2,1.037,-0.289,1.067,1.0,76.4,2.0,SOON
0.68,1.75,-27.0,86.26,1.0,58,22.25,22.95,224.76,8157.0,33363.0,10,2,0,1.025,-0.107,1.338,1.0,77.09,1.0,IMMINENT
0.68,1.75,-27.0,86.26,1.0,58,22.25,22.95,224.76,8157.0,33363.0,10,2,0,1.025,-0.107,1.027,1.0,77.09,1.0,IMMINENT
0.68,1.75,-27.0,86.26,2.0,57,22.14,22.77,222.53,7795.0,33068.0,10,2,0,1.025,0.405,1.23,1.0,78.09,1.0,IMMINENT
0.68,1.75,-27.0,86.26,2.0,57,22.14,22.77,222.53,7795.0,33068.0,10,2,0,1.025,0.405,0.417,1.0,78.09,1.0,IMMINENT
0.68,1.75,-27.0,86.26,2.0,57,22.14,22.77,222.53,7795.0,33068.0,10,2,0,1.025,0.405,0.812,1.0,78.09,1.0,IMMINENT
0.68,1.75,-28.0,86.33,1.0,57,22.14,22.72,224.92,7795.0,33088.0,10,2,3,1.025,0.131,1.009,1.0,81.16,1.0,IMMINENT
0.68,1.75,-28.0,86.33,1.0,57,22.14,22.72,224.92,7795.0,33088.0,10,2,3,1.025,0.131,1.135,1.0,81.16,1.0,IMMINENT
0.68,1.75,-28.0,86.33,1.0,57,22.14,22.72,224.92,7795.0,33088.0,10,2,3,1.025,0.131,1.385,1.0,81.16,1.0,IMMINENT
0.68,1.74,-27.0,86.4,1.0,56,21.93,22.5,239.18,8055.0,33423.0,10,2,0,1.048,-0.251,1.146,1.0,83.23,1.0,IMMINENT
0.68,1.74,-27.0,86.4,1.0,56,21.93,22.5,239.18,8055.0,33423.0,10,2,0,1.048,-0.251,0.703,1.0,83.23,1.0,IMMINENT
0.68,1.74,-28.0,86.49,1.0,55,20.18,22.53,240.84,7840.0,33038.0,10,2,2,1.074,-0.106,1.085,1.0,76.84,1.0,IMMINENT
0.68,1.74,-28.0,86.49,1.0,55,20.18,22.53,240.84,7840.0,33038.0,10,2,2,1.074,-0.106,0.315,1.0,76.84,1.0,IMMINENT
0.68,1.74,-28.0,86.49,1.0,55,20.18,22.53,240.84,7840.0,33038.0,10,2,2,1.074,-0.106,0.805,1.0,76.84,1.0,IMMINENT
0.67,1.73,-28.0,88.13,1.0,54,20.2,22.05,238.61,7518.0,33236.0,10,2,2,1.024,-0.683,1.447,1.0,86.83,1.0,IMMINENT
0.67,1.73,-28.0,88.13,1.0,54,20.2,22.05,238.61,7518.0,33236.0,10,2,2,1.024,-0.683,0.381,1.0,86.83,1.0,IMMINENT
0.68,1.73,-27.0,88.47,1.0,52,19.0,21.62,231.84,7533.0,33331.0,10,2,1,1.067,-1.146,0.096,1.0,91.81,1.0,IMMINENT
0.68,1.73,-27.0,88.47,1.0,52,19.0,21.62,231.84,7533.0,33331.0,10,2,1,1.067,-1.146,0.42,1.0,91.81,1.0,IMMINENT
0.68,1.73,-27.0,88.47,1.0,52,19.0,21.62,231.84,7533.0,33331.0,10,2,1,1.067,-1.146,0.555,1.0,91.81,1.0,IMMINENT
0.68,1.73,-27.0,88.32,1.0,50,16.98,21.3,200.83,7708.0,33460.0,10,2,0,1.088,-0.748,0.387,1.0,94.56,1.0,IMMINENT
0.68,1.73,-27.0,88.32,1.0,50,16.98,21.3,200.83,7708.0,33460.0,10,2,0,1.088,-0.748,0.873,1.0,94.56,1.0,IMMINENT
0.68,1.73,-27.0,88.32,1.0,50,16.98,21.3,200.83,7708.0,33460.0,10,2,0,1.088,-0.748,1.162,1.0,94.56,1.0,IMMINENT
0.68,1.72,-28.0,89.05,1.0,49,17.73,21.94,190.8,8038.0,33033.0,10,2,0,1.089,0.459,0.973,1.0,97.78,1.0,IMMINENT
0.68,1.72,-28.0,89.05,1.0,49,17.73,21.94,190.8,8038.0,33033.0,10,2,0,1.089,0.459,0.925,1.0,97.78,1.0,IMMINENT
0.68,1.72,-28.0,89.05,1.0,49,17.73,21.94,190.8,8038.0,33033.0,10,2,0,1.089,0.459,1.174,1.0,97.78,1.0,IMMINENT
0.67,1.71,-28.0,89.06,1.0,51,18.44,21.89,198.14,7973.0,33429.0,10,2,3,1.08,0.69,1.269,1.0,98.47,1.0,IMMINENT
0.67,1.71,-28.0,89.06,1.0,51,18.44,21.89,198.14,7973.0,33429.0,10,2,3,1.08,0.69,1.342,1.0,98.47,1.0,IMMINENT
0.67,1.71,-28.0,89.06,1.0,51,18.44,21.89,198.14,7973.0,33429.0,10,2,3,1.08,0.69,0.981,1.0,98.47,1.0,IMMINENT
0.67,1.71,-27.0,88.79,1.0,49,20.25,22.11,198.61,7568.0,33340.0,10,2,1,1.027,1.039,0.257,1.0,100.16,1.0,IMMINENT
0.67,1.71,-27.0,88.79,1.0,49,20.25,22.11,198.61,7568.0,33340.0,10,2,1,1.027,1.039,0.504,1.0,100.16,1.0,IMMINENT
0.67,1.71,-27.0,88.79,1.0,49,20.25,22.11,198.61,7568.0,33340.0,10,2,1,1.027,1.039,0.504,1.0,100.16,1.0,IMMINENT
0.67,1.7,-28.0,91.07,1.0,50,18.77,21.31,181.68,8093.0,33670.0,10,2,4,1.034,0.164,0.665,1.0,112.36,1.0,IMMINENT
0.67,1.7,-28.0,91.07,1.0,50,18.77,21.31,181.68,8093.0,33670.0,10,2,4,1.034,0.164,0.112,1.0,112.36,1.0,IMMINENT
0.67,1.7,-28.0,91.07,1.0,50,18.77,21.31,181.68,8093.0,33670.0,10,2,4,1.034,0.164,0.0,1.0,112.36,1.0,IMMINENT
0.67,1.7,-28.0,93.23,1.0,51,17.66,20.39,164.73,8200.0,34050.0,10,2,2,1.036,-0.453,0.668,1.0,126.14,1.0,IMMINENT
0.67,1.7,-28.0,93.23,1.0,51,17.66,20.39,164.73,8200.0,34050.0,10,2,2,1.036,-0.453,0.142,1.0,126.14,1.0,IMMINENT
0.67,1.7,-28.0,93.23,1.0,51,17.66,20.39,164.73,8200.0,34050.0,10,2,2,1.036,-0.453,0.995,1.0,126.14,1.0,IMMINENT
0.67,1.69,-27.0,93.27,1.0,50,18.15,20.06,156.37,8250.0,34185.0,10,2,1,0.988,-0.68,0.691,1.0,129.26,1.0,IMMINENT
0.67,1.69,-27.0,93.27,1.0,50,18.15,20.06,156.37,8250.0,34185.0,10,2,1,0.988,-0.68,0.923,1.0,129.26,1.0,IMMINENT
0.67,1.69,-27.0,93.27,1.0,50,18.15,20.06,156.37,8250.0,34185.0,10,2,1,0.988,-0.68,0.966,1.0,129.26,1.0,IMMINENT
0.67,1.69,-28.0,93.02,1.0,51,19.84,20.42,172.89,8080.0,34035.0,10,2,0,0.972,-0.524,0.795,1.0,125.75,1.0,IMMINENT
0.67,1.69,-28.0,93.02,1.0,51,19.84,20.42,172.89,8080.0,34035.0,10,2,0,0.972,-0.524,0.805,1.0,125.75,1.0,IMMINENT
0.67,1.69,-28.0,93.02,1.0,51,19.84,20.42,172.89,8080.0,34035.0,10,2,0,0.972,-0.524,1.125,1.0,125.75,1.0,IMMINENT
0.67,1.68,-28.0,92.83,1.0,53,18.06,20.11,175.94,8290.0,34195.0,10,2,1,0.993,-0.085,0.859,1.0,123.45,1.0,IMMINENT
0.67,1.68,-28.0,92.83,1.0,53,18.06,20.11,175.94,8290.0,34195.0,10,2,1,0.993,-0.085,0.991,1.0,123.45,1.0,IMMINENT
0.67,1.68,-28.0,92.83,1.0,53,18.06,20.11,175.94,8290.0,34195.0,10,2,1,0.993,-0.085,0.99,1.0,123.45,1.0,IMMINENT
0.67,1.68,-28.0,92.54,1.0,53,18.95,20.52,173.02,8200.0,34025.0,10,2,2,0.987,0.537,1.256,1.0,121.28,1.0,IMMINENT
0.67,1.68,-28.0,92.54,1.0,53,18.95,20.52,173.02,8200.0,34025.0,10,2,2,0.987,0.537,0.908,1.0,121.28,1.0,IMMINENT
0.67,1.68,-28.0,92.54,1.0,53,18.95,20.52,173.02,8200.0,34025.0,10,2,2,0.987,0.537,1.161,1.0,121.28,1.0,IMMINENT
0.67,1.67,-28.0,92.46,1.0,53,18.45,20.45,169.62,8250.0,34055.0,10,2,2,0.992,1.238,0.641,1.0,120.53,1.0,IMMINENT
0.67,1.67,-28.0,92.46,1.0,53,18.45,20.45,169.62,8250.0,34055.0,10,2,2,0.992,1.238,0.763,1.0,120.53,1.0,IMMINENT
0.67,1.67,-28.0,92.46,1.0,53,18.45,20.45,169.62,8250.0,34055.0,10,2,2,0.992,1.238,0.875,1.0,120.53,1.0,IMMINENT
0.66,1.67,-28.0,92.11,1.0,53,20.54,20.29,180.68,8040.0,34120.0,10,2,5,0.965,0.751,0.896,1.0,119.58,1.0,IMMINENT
0.66,1.67,-28.0,92.11,1.0,53,20.54,20.29,180.68,8040.0,34120.0,10,2,5,0.965,0.751,1.089,1.0,119.58,1.0,IMMINENT
0.66,1.66,-27.0,91.98,1.0,52,23.12,20.49,203.64,7410.0,33655.0,10,2,0,0.936,0.403,0.649,1.0,121.4,2.0,SOON
0.66,1.66,-27.0,91.98,1.0,52,23.12,20.49,203.64,7410.0,33655.0,10,2,0,0.936,0.403,1.168,1.0,121.4,2.0,SOON
0.66,1.66,-27.0,91.98,1.0,52,23.12,20.49,203.64,7410.0,33655.0,10,2,0,0.936,0.403,1.174,1.0,121.4,2.0,SOON
0.66,1.66,-28.0,91.59,1.0,55,24.32,20.77,217.3,7295.0,33540.0,10,2,3,0.924,0.062,0.127,1.0,117.6,1.0,IMMINENT
0.66,1.66,-28.0,91.59,1.0,55,24.32,20.77,217.3,7295.0,33540.0,10,2,3,0.924,0.062,0.143,1.0,117.6,1.0,IMMINENT
0.66,1.66,-28.0,91.59,1.0,55,24.32,20.77,217.3,7295.0,33540.0,10,2,3,0.924,0.062,1.531,1.0,117.6,1.0,IMMINENT
0.66,1.66,-28.0,91.59,2.0,52,22.34,20.2,208.2,7485.0,33775.0,10,2,0,0.942,-0.198,0.58,1.0,122.75,2.0,SOON
0.66,1.66,-28.0,91.59,2.0,52,22.34,20.2,208.2,7485.0,33775.0,10,2,0,0.942,-0.198,0.623,1.0,122.75,2.0,SOON
0.66,1.66,-28.0,91.59,2.0,52,22.34,20.2,208.2,7485.0,33775.0,10,2,0,0.942,-0.198,0.126,1.0,122.75,2.0,SOON
0.66,1.65,-28.0,91.63,1.0,54,21.25,20.12,191.93,7560.0,33860.0,10,2,0,0.96,-0.957,1.095,1.0,121.81,1.0,IMMINENT
0.66,1.65,-28.0,91.63,1.0,54,21.25,20.12,191.93,7560.0,33860.0,10,2,0,0.96,-0.957,1.095,1.0,121.81,1.0,IMMINENT
0.66,1.65,-28.0,91.63,1.0,54,21.25,20.12,191.93,7560.0,33860.0,10,2,0,0.96,-0.957,1.655,1.0,121.81,1.0,IMMINENT
0.66,1.65,-28.0,91.63,2.0,52,19.64,20.03,203.29,7715.0,33895.0,10,2,0,0.979,-0.637,0.978,1.0,124.87,1.0,IMMINENT
0.66,1.65,-28.0,91.63,2.0,52,19.64,20.03,203.29,7715.0,33895.0,10,2,0,0.979,-0.637,1.298,1.0,124.87,1.0,IMMINENT
0.66,1.65,-28.0,91.63,2.0,52,19.64,20.03,203.29,7715.0,33895.0,10,2,0,0.979,-0.637,0.703,1.0,124.87,1.0,IMMINENT
0.67,1.65,-26.0,91.88,1.0,53,18.18,19.64,199.12,7855.0,34058.0,10,2,0,0.992,-0.472,0.671,1.0,125.72,1.0,IMMINENT
0.67,1.65,-26.0,91.88,1.0,53,18.18,19.64,199.12,7855.0,34058.0,10,2,0,0.992,-0.472,0.24,1.0,125.72,1.0,IMMINENT
0.67,1.65,-26.0,91.88,1.0,53,18.18,19.64,199.12,7855.0,34058.0,10,2,0,0.992,-0.472,1.309,1.0,125.72,1.0,IMMINENT
0.67,1.65,-27.0,91.64,1.0,52,16.51,19.34,198.29,8015.0,34183.0,10,2,0,1.008,-0.526,0.959,1.0,125.63,1.0,IMMINENT
0.67,1.65,-27.0,91.64,1.0,52,16.51,19.34,198.29,8015.0,34183.0,10,2,0,1.008,-0.526,0.826,1.0,125.63,1.0,IMMINENT
0.67,1.65,-28.0,91.69,1.0,51,15.31,19.21,195.85,8130.0,33848.0,10,2,2,1.021,-0.385,1.909,1.0,126.04,1.0,IMMINENT
0.67,1.65,-28.0,91.69,1.0,51,15.31,19.21,195.85,8130.0,33848.0,10,2,2,1.021,-0.385,0.565,1.0,126.04,1.0,IMMINENT
0.67,1.65,-28.0,91.69,1.0,51,15.31,19.21,195.85,8130.0,33848.0,10,2,2,1.021,-0.385,1.141,1.0,126.04,1.0,IMMINENT
0.67,1.64,-27.0,91.47,1.0,50,14.9,18.95,202.84,8170.0,33953.0,10,2,1,1.023,0.337,1.252,1.0,126.06,1.0,IMMINENT
0.67,1.64,-27.0,91.47,1.0,50,14.9,18.95,202.84,8170.0,33953.0,10,2,1,1.023,0.337,1.118,1.0,126.06,1.0,IMMINENT
0.67,1.64,-27.0,91.47,1.0,50,14.9,18.95,202.84,8170.0,33953.0,10,2,1,1.023,0.337,0.919,1.0,126.06,1.0,IMMINENT
0.67,1.64,-28.0,91.15,1.0,49,15.78,19.15,219.9,8085.0,33553.0,10,2,2,1.024,0.366,1.655,1.0,120.37,1.0,IMMINENT
0.67,1.64,-28.0,91.15,1.0,49,15.78,19.15,219.9,8085.0,33553.0,10,2,2,1.024,0.366,1.345,1.0,120.37,1.0,IMMINENT
0.67,1.64,-28.0,91.15,1.0,49,15.78,19.15,219.9,8085.0,33553.0,10,2,2,1.024,0.366,0.495,1.0,120.37,1.0,IMMINENT
0.67,1.63,-28.0,91.2,1.0,49,18.23,19.37,244.89,7850.0,33463.0,10,2,1,0.997,0.489,1.398,1.0,118.73,1.0,IMMINENT
0.67,1.63,-28.0,91.2,1.0,49,18.23,19.37,244.89,7850.0,33463.0,10,2,1,0.997,0.489,0.91,1.0,118.73,1.0,IMMINENT
0.67,1.63,-28.0,91.2,1.0,49,18.23,19.37,244.89,7850.0,33463.0,10,2,1,0.997,0.489,1.075,1.0,118.73,1.0,IMMINENT
0.67,1.63,-27.0,90.99,1.0,49,19.06,19.26,239.66,7770.0,33508.0,10,2,0,0.986,0.763,1.055,1.0,117.92,2.0,SOON
0.67,1.63,-27.0,90.99,1.0,49,19.06,19.26,239.66,7770.0,33508.0,10,2,0,0.986,0.763,0.693,1.0,117.92,2.0,SOON
0.67,1.63,-27.0,90.99,1.0,49,19.06,19.26,239.66,7770.0,33508.0,10,2,0,0.986,0.763,0.827,1.0,117.92,2.0,SOON
0.66,1.63,-28.0,90.74,1.0,52,20.42,19.24,235.05,7640.0,33903.0,10,2,3,0.969,0.807,1.136,1.0,114.77,1.0,IMMINENT
0.66,1.63,-28.0,90.74,1.0,52,20.42,19.24,235.05,7640.0,33903.0,10,2,3,0.969,0.807,0.67,1.0,114.77,1.0,IMMINENT
0.66,1.63,-28.0,90.74,1.0,52,20.42,19.24,235.05,7640.0,33903.0,10,2,3,0.969,0.807,1.005,1.0,114.77,1.0,IMMINENT
0.66,1.63,-28.0,90.74,2.0,49,22.55,19.43,241.88,7435.0,33823.0,10,2,0,0.945,0.471,0.786,1.0,116.08,1.0,IMMINENT
0.66,1.63,-28.0,90.74,2.0,49,22.55,19.43,241.88,7435.0,33823.0,10,2,0,0.945,0.471,1.093,1.0,116.08,1.0,IMMINENT
0.66,1.63,-28.0,90.74,2.0,49,22.55,19.43,241.88,7435.0,33823.0,10,2,0,0.945,0.471,0.789,1.0,116.08,1.0,IMMINENT
0.67,1.62,-28.0,90.4,1.0,50,23.07,19.52,240.11,7755.0,33548.0,10,2,1,0.947,0.008,0.271,1.0,113.06,11.0,SAFE
0.67,1.62,-27.0,90.85,11.0,31,100.0,20.39,0.0,0.0,21430.0,9,2,2,0.0,0.0,0.837,11.0,69.68,1.0,IMMINENT
0.67,1.62,-27.0,90.85,11.0,31,100.0,20.39,0.0,0.0,21430.0,9,2,2,0.0,0.0,0.375,11.0,69.68,1.0,IMMINENT
0.67,1.62,-27.0,90.85,11.0,31,100.0,20.39,0.0,0.0,21430.0,9,2,2,0.0,0.0,0.294,11.0,69.68,1.0,IMMINENT
0.7,1.71,-28.0,91.6,1.0,31,19.79,20.52,115.73,1155.0,21365.0,9,2,2,1.009,-11.458,0.916,1.0,79.52,1.0,IMMINENT
0.7,1.71,-28.0,91.6,1.0,31,19.79,20.52,115.73,1155.0,21365.0,9,2,2,1.009,-11.458,1.065,1.0,79.52,1.0,IMMINENT
0.7,1.71,-27.0,91.42,1.0,30,18.96,19.92,160.52,1945.0,21140.0,9,2,1,1.012,-2.813,0.305,1.0,80.0,1.0,IMMINENT
0.7,1.71,-27.0,91.42,1.0,30,18.96,19.92,160.52,1945.0,21140.0,9,2,1,1.012,-2.813,0.725,1.0,80.0,1.0,IMMINENT
0.7,1.71,-27.0,91.42,1.0,30,18.96,19.92,160.52,1945.0,21140.0,9,2,1,1.012,-2.813,0.791,1.0,80.0,1.0,IMMINENT
0.69,1.7,-28.0,91.54,1.0,31,15.89,19.09,152.66,3230.0,21360.0,9,2,4,1.04,-2.059,0.583,1.0,82.42,1.0,IMMINENT
0.69,1.7,-28.0,91.54,1.0,31,15.89,19.09,152.66,3230.0,21360.0,9,2,4,1.04,-2.059,0.41,1.0,82.42,1.0,IMMINENT
0.69,1.7,-28.0,91.54,1.0,31,15.89,19.09,152.66,3230.0,21360.0,9,2,4,1.04,-2.059,0.771,1.0,82.42,1.0,IMMINENT
0.69,1.7,-28.0,92.0,1.0,30,14.87,18.6,147.79,4495.0,21490.0,9,2,2,1.046,-1.127,0.418,1.0,90.83,1.0,IMMINENT
0.69,1.7,-28.0,92.0,1.0,30,14.87,18.6,147.79,4495.0,21490.0,9,2,2,1.046,-1.127,0.418,1.0,90.83,1.0,IMMINENT
0.69,1.7,-28.0,92.0,1.0,30,14.87,18.6,147.79,4495.0,21490.0,9,2,2,1.046,-1.127,0.497,1.0,90.83,1.0,IMMINENT
0.69,1.7,-27.0,92.08,1.0,30,15.1,18.19,137.93,5705.0,21990.0,9,2,0,1.038,-0.511,1.012,1.0,93.17,1.0,IMMINENT
0.69,1.7,-27.0,92.08,1.0,30,15.1,18.19,137.93,5705.0,21990.0,9,2,0,1.038,-0.511,0.0,1.0,93.17,1.0,IMMINENT
0.69,1.7,-27.0,92.08,1.0,30,15.1,18.19,137.93,5705.0,21990.0,9,2,0,1.038,-0.511,0.337,1.0,93.17,1.0,IMMINENT
0.69,1.69,-28.0,92.27,1.0,29,13.79,17.34,131.69,7035.0,22220.0,9,2,2,1.043,-0.694,0.812,1.0,99.66,1.0,IMMINENT
0.69,1.69,-28.0,92.27,1.0,29,13.79,17.34,131.69,7035.0,22220.0,9,2,2,1.043,-0.694,0.791,1.0,99.66,1.0,IMMINENT
0.69,1.69,-28.0,92.27,1.0,29,13.79,17.34,131.69,7035.0,22220.0,9,2,2,1.043,-0.694,1.12,1.0,99.66,1.0,IMMINENT
0.69,1.69,-28.0,92.12,1.0,32,15.0,17.76,142.92,8160.0,22105.0,9,2,5,1.034,-0.158,0.592,1.0,97.34,1.0,IMMINENT
0.69,1.69,-28.0,92.12,1.0,32,15.0,17.76,142.92,8160.0,22105.0,9,2,5,1.034,-0.158,0.949,1.0,97.34,1.0,IMMINENT
0.69,1.69,-28.0,92.12,1.0,32,15.0,17.76,142.92,8160.0,22105.0,9,2,5,1.034,-0.158,0.727,1.0,97.34,1.0,IMMINENT
0.69,1.68,-28.0,92.22,1.0,33,15.0,18.28,151.37,8160.0,21965.0,9,2,8,1.04,0.362,0.98,1.0,97.88,1.0,IMMINENT
0.69,1.68,-28.0,92.22,1.0,33,15.0,18.28,151.37,8160.0,21965.0,9,2,8,1.04,0.362,0.69,1.0,97.88,1.0,IMMINENT
0.69,1.68,-28.0,92.22,1.0,33,15.0,18.28,151.37,8160.0,21965.0,9,2,8,1.04,0.362,0.793,1.0,97.88,1.0,IMMINENT
0.68,1.67,-28.0,91.65,1.0,36,16.22,18.64,149.12,8445.0,21870.0,9,2,11,1.03,0.786,1.04,1.0,91.81,1.0,IMMINENT
0.68,1.67,-28.0,91.65,1.0,36,16.22,18.64,149.12,8445.0,21870.0,9,2,11,1.03,0.786,1.248,1.0,91.81,1.0,IMMINENT
0.68,1.67,-28.0,91.65,1.0,36,16.22,18.64,149.12,8445.0,21870.0,9,2,11,1.03,0.786,0.983,1.0,91.81,1.0,IMMINENT
0.68,1.67,-28.0,91.21,1.0,38,18.63,19.24,164.53,8202.0,21707.0,10,2,14,1.008,0.868,0.776,1.0,85.58,1.0,IMMINENT
0.68,1.67,-28.0,91.21,1.0,38,18.63,19.24,164.53,8202.0,21707.0,10,2,14,1.008,0.868,1.021,1.0,85.58,1.0,IMMINENT
0.68,1.67,-28.0,91.21,1.0,38,18.63,19.24,164.53,8202.0,21707.0,10,2,14,1.008,0.868,1.284,1.0,85.58,1.0,IMMINENT
0.68,1.66,-28.0,91.32,1.0,40,20.12,19.91,178.6,8052.0,21527.0,10,2,15,0.997,0.708,0.984,1.0,88.8,1.0,IMMINENT
0.68,1.66,-28.0,91.32,1.0,40,20.12,19.91,178.6,8052.0,21527.0,10,2,15,0.997,0.708,0.551,1.0,88.8,1.0,IMMINENT
0.68,1.66,-28.0,91.32,1.0,40,20.12,19.91,178.6,8052.0,21527.0,10,2,15,0.997,0.708,1.044,1.0,88.8,1.0,IMMINENT
0.67,1.65,-28.0,90.86,1.0,41,20.76,20.15,191.95,7987.0,21847.0,10,2,20,0.992,0.551,0.969,1.0,84.32,2.0,SOON
0.67,1.65,-28.0,90.86,1.0,41,20.76,20.15,191.95,7987.0,21847.0,10,2,20,0.992,0.551,1.02,1.0,84.32,2.0,SOON
0.67,1.65,-28.0,90.86,1.0,41,20.76,20.15,191.95,7987.0,21847.0,10,2,20,0.992,0.551,0.569,1.0,84.32,2.0,SOON
0.67,1.65,-28.0,90.93,1.0,42,21.95,19.89,204.94,7867.0,21917.0,10,2,2,0.974,-0.216,1.346,1.0,86.83,1.0,IMMINENT
0.67,1.65,-28.0,90.93,1.0,42,21.95,19.89,204.94,7867.0,21917.0,10,2,2,0.974,-0.216,0.915,1.0,86.83,1.0,IMMINENT
0.67,1.65,-28.0,90.93,1.0,42,21.95,19.89,204.94,7867.0,21917.0,10,2,2,0.974,-0.216,1.25,1.0,86.83,1.0,IMMINENT
0.67,1.65,-28.0,90.93,2.0,40,21.71,19.91,213.35,7892.0,21912.0,10,2,0,0.978,-0.306,0.79,1.0,89.18,1.0,IMMINENT
0.67,1.65,-28.0,90.93,2.0,40,21.71,19.91,213.35,7892.0,21912.0,10,2,0,0.978,-0.306,0.888,1.0,89.18,1.0,IMMINENT
0.67,1.65,-28.0,90.93,2.0,40,21.71,19.91,213.35,7892.0,21912.0,10,2,0,0.978,-0.306,0.551,1.0,89.18,1.0,IMMINENT
0.67,1.65,-28.0,90.77,1.0,40,21.36,19.44,212.88,7927.0,22042.0,10,2,1,0.976,-0.532,0.63,1.0,87.18,2.0,SOON
0.67,1.65,-28.0,90.77,1.0,40,21.36,19.44,212.88,7927.0,22042.0,10,2,1,0.976,-0.532,0.767,1.0,87.18,2.0,SOON
0.67,1.65,-28.0,90.77,1.0,40,21.36,19.44,212.88,7927.0,22042.0,10,2,1,0.976,-0.532,0.768,1.0,87.18,2.0,SOON
0.67,1.64,-28.0,90.64,1.0,41,19.67,18.87,209.59,8097.0,22197.0,10,2,2,0.99,-0.564,1.274,1.0,87.85,1.0,IMMINENT
0.67,1.64,-28.0,90.64,1.0,41,19.67,18.87,209.59,8097.0,22197.0,10,2,2,0.99,-0.564,0.639,1.0,87.85,1.0,IMMINENT
0.67,1.64,-28.0,90.64,1.0,41,19.67,18.87,209.59,8097.0,22197.0,10,2,2,0.99,-0.564,1.416,1.0,87.85,1.0,IMMINENT
0.67,1.64,-28.0,90.64,2.0,38,19.1,18.78,210.13,8155.0,22222.0,10,2,0,0.996,-0.108,0.683,1.0,89.79,1.0,IMMINENT
0.67,1.64,-28.0,90.64,2.0,38,19.1,18.78,210.13,8155.0,22222.0,10,2,0,0.996,-0.108,1.376,1.0,89.79,1.0,IMMINENT
0.67,1.64,-28.0,90.64,2.0,38,19.1,18.78,210.13,8155.0,22222.0,10,2,0,0.996,-0.108,0.695,1.0,89.79,1.0,IMMINENT
0.68,1.64,-28.0,90.34,1.0,40,19.35,18.78,206.5,8130.0,22222.0,10,2,2,0.993,0.218,0.962,1.0,87.05,1.0,IMMINENT
0.68,1.64,-28.0,90.34,1.0,40,19.35,18.78,206.5,8130.0,22222.0,10,2,2,0.993,0.218,0.867,1.0,87.05,1.0,IMMINENT
0.68,1.64,-28.0,90.34,1.0,40,19.35,18.78,206.5,8130.0,22222.0,10,2,2,0.993,0.218,1.169,1.0,87.05,1.0,IMMINENT
0.67,1.64,-28.0,89.94,1.0,40,19.3,18.76,210.94,8135.0,22227.0,10,2,2,0.993,0.285,0.252,1.0,86.05,1.0,IMMINENT
0.67,1.64,-28.0,89.94,1.0,40,19.3,18.76,210.94,8135.0,22227.0,10,2,2,0.993,0.285,0.942,1.0,86.05,1.0,IMMINENT
0.67,1.64,-28.0,89.94,1.0,40,19.3,18.76,210.94,8135.0,22227.0,10,2,2,0.993,0.285,1.023,1.0,86.05,1.0,IMMINENT
